{
  "type": "FeatureCollection",
  "name": "roundabout-kennedylaan-bgt",
  "groundTruth": true,
  "crs": {
    "type": "name",
    "properties": {
      "name": "urn:ogc:def:crs:OGC:1.3:CRS84"
    }
  },
  "source": {
    "name": "Basisregistratie Grootschalige Topografie (PDOK OGC API Features)",
    "url": "https://api.pdok.nl/lv/bgt/ogc/v1",
    "license": "CC0 1.0",
    "retrievedAt": "2026-09-14T08:58:37Z",
    "datetimeFilter": "2026-09-14T08:58:37Z",
    "note": "Current objects only (status=bestaand, no eind_registratie). waterdeel, overbruggingsdeel, kunstwerkdeel_vlak, wegdeel."
  },
  "generatedAt": "2026-09-14T08:58:37Z",
  "featureCount": 1,
  "features": [
    {
      "type": "Feature",
      "properties": {
        "id": "roundabout-kennedylaan-surface",
        "kind": "roundabout-surface",
        "matchesNwbCluster": "roundabout-kennedylaan",
        "bgtFunctie": "rijbaan lokale weg",
        "bgtLokaalId": "G0715.8abeacd5439b7576000000000a09820b",
        "measuredMinRectM": {
          "long_m": 41.9,
          "short_m": 41.6
        },
        "bgtStatus": "bestaand",
        "_source": "bgt",
        "_retrievedAt": "2026-09-14T08:58:37Z"
      },
      "geometry": {
        "type": "Polygon",
        "coordinates": [
          [
            [
              3.821798384613685,
              51.33319213555346
            ],
            [
              3.8217989753450325,
              51.333192021376185
            ],
            [
              3.8217995656463293,
              51.333191906329425
            ],
            [
              3.821800155514316,
              51.333191790413785
            ],
            [
              3.821800744945727,
              51.33319167362991
            ],
            [
              3.8218013339373136,
              51.33319155597845
            ],
            [
              3.8218019224858177,
              51.33319143746009
            ],
            [
              3.821802510587986,
              51.333191318075414
            ],
            [
              3.821803098240575,
              51.333191197825144
            ],
            [
              3.8218036854403286,
              51.33319107670994
            ],
            [
              3.821804272184012,
              51.333190954730384
            ],
            [
              3.82180485846838,
              51.33319083188728
            ],
            [
              3.8218054442901925,
              51.33319070818125
            ],
            [
              3.821806029646211,
              51.33319058361292
            ],
            [
              3.821806614533208,
              51.33319045818308
            ],
            [
              3.8218071989479445,
              51.33319033189235
            ],
            [
              3.8218077828871966,
              51.333190204741435
            ],
            [
              3.821808366347735,
              51.333190076731086
            ],
            [
              3.8218089493263396,
              51.333189947861996
            ],
            [
              3.8218095318197856,
              51.33318981813482
            ],
            [
              3.8218101138248577,
              51.33318968755032
            ],
            [
              3.8218106953383386,
              51.33318955610919
            ],
            [
              3.821811276357017,
              51.33318942381221
            ],
            [
              3.8218118568776815,
              51.333189290660066
            ],
            [
              3.8218124368971225,
              51.33318915665352
            ],
            [
              3.8218130164121438,
              51.333189021793295
            ],
            [
              3.8218135954195347,
              51.33318888608014
            ],
            [
              3.8218141739160996,
              51.33318874951481
            ],
            [
              3.8218147518986427,
              51.33318861209801
            ],
            [
              3.8218153293639707,
              51.333188473830596
            ],
            [
              3.8218159063088906,
              51.333188334713256
            ],
            [
              3.821816482730218,
              51.333188194746775
            ],
            [
              3.8218170586247675,
              51.33318805393195
            ],
            [
              3.8218176339893573,
              51.33318791226952
            ],
            [
              3.8218182088208072,
              51.33318776976031
            ],
            [
              3.8218187831159427,
              51.33318762640508
            ],
            [
              3.8218193568715892,
              51.3331874822046
            ],
            [
              3.821819930084579,
              51.33318733715972
            ],
            [
              3.8218205027517436,
              51.33318719127122
            ],
            [
              3.821821074869918,
              51.333187044539926
            ],
            [
              3.8218216464359442,
              51.33318689696658
            ],
            [
              3.821822217446664,
              51.333186748552066
            ],
            [
              3.8218227878989204,
              51.33318659929721
            ],
            [
              3.821823357789563,
              51.33318644920275
            ],
            [
              3.8218239271154415,
              51.33318629826958
            ],
            [
              3.8218244958734138,
              51.33318614649856
            ],
            [
              3.8218250640603344,
              51.33318599389049
            ],
            [
              3.8218256316730663,
              51.33318584044619
            ],
            [
              3.821826198708472,
              51.333185686166594
            ],
            [
              3.8218267651634195,
              51.333185531052465
            ],
            [
              3.821827331034777,
              51.33318537510467
            ],
            [
              3.8218278963194225,
              51.333185218324125
            ],
            [
              3.82182846101423,
              51.33318506071165
            ],
            [
              3.8218290251160765,
              51.33318490226813
            ],
            [
              3.821829588621852,
              51.333184742994426
            ],
            [
              3.821830151528438,
              51.33318458289143
            ],
            [
              3.821830713832728,
              51.33318442196005
            ],
            [
              3.8218312755316144,
              51.33318426020114
            ],
            [
              3.8218318366219894,
              51.33318409761562
            ],
            [
              3.82183239710076,
              51.333183934204364
            ],
            [
              3.8218329569648253,
              51.33318376996831
            ],
            [
              3.8218335162110937,
              51.33318360490827
            ],
            [
              3.821834074836475,
              51.33318343902529
            ],
            [
              3.8218346328378803,
              51.333183272320206
            ],
            [
              3.82183519021223,
              51.333183104793974
            ],
            [
              3.821835746956446,
              51.33318293644747
            ],
            [
              3.821836303067447,
              51.3331827672817
            ],
            [
              3.821836858542165,
              51.33318259729751
            ],
            [
              3.8218374133775295,
              51.33318242649592
            ],
            [
              3.8218379675704743,
              51.333182254877826
            ],
            [
              3.821838521117939,
              51.33318208244419
            ],
            [
              3.8218390740168635,
              51.33318190919595
            ],
            [
              3.821839626264196,
              51.3331817351341
            ],
            [
              3.8218401778568833,
              51.33318156025955
            ],
            [
              3.821840728791876,
              51.33318138457331
            ],
            [
              3.821841279066134,
              51.33318120807631
            ],
            [
              3.821841828676616,
              51.333181030769595
            ],
            [
              3.821842377620284,
              51.33318085265409
            ],
            [
              3.8218429258941056,
              51.33318067373074
            ],
            [
              3.8218434734950524,
              51.3331804940006
            ],
            [
              3.8218440204200994,
              51.3331803134647
            ],
            [
              3.8218445666662233,
              51.33318013212394
            ],
            [
              3.8218451122304047,
              51.33317994997936
            ],
            [
              3.821845657109634,
              51.333179767032
            ],
            [
              3.821846201300899,
              51.33317958328282
            ],
            [
              3.82184674480119,
              51.33317939873286
            ],
            [
              3.8218472876075085,
              51.333179213383154
            ],
            [
              3.821847829716852,
              51.33317902723468
            ],
            [
              3.821848371126228,
              51.333178840288475
            ],
            [
              3.8218489118326464,
              51.33317865254562
            ],
            [
              3.821849451833114,
              51.333178464007155
            ],
            [
              3.8218499911246533,
              51.33317827467403
            ],
            [
              3.8218505297042817,
              51.33317808454738
            ],
            [
              3.8218510675690243,
              51.333177893628225
            ],
            [
              3.82185160471591,
              51.33317770191764
            ],
            [
              3.8218521411419704,
              51.33317750941668
            ],
            [
              3.821852676844241,
              51.33317731612636
            ],
            [
              3.821853211819766,
              51.33317712204777
            ],
            [
              3.821853746065585,
              51.33317692718203
            ],
            [
              3.8218542795787473,
              51.333176731530166
            ],
            [
              3.8218542795787473,
              51.333176731530166
            ],
            [
              3.821857586211888,
              51.333175995513216
            ],
            [
              3.821860905805652,
              51.333175282758184
            ],
            [
              3.821864237943042,
              51.33317459335458
            ],
            [
              3.8218675822054813,
              51.333173927389026
            ],
            [
              3.8218709381728693,
              51.333173284945126
            ],
            [
              3.821874305423637,
              51.33317266610363
            ],
            [
              3.821877683534798,
              51.33317207094227
            ],
            [
              3.8218810720820025,
              51.33317149953581
            ],
            [
              3.821884470639586,
              51.33317095195599
            ],
            [
              3.821887878780629,
              51.33317042827164
            ],
            [
              3.8218912960770126,
              51.33316992854855
            ],
            [
              3.8218947220994575,
              51.33316945284949
            ],
            [
              3.821898156417597,
              51.33316900123413
            ],
            [
              3.8219015986000215,
              51.333168573759316
            ],
            [
              3.82190504821433,
              51.333168170478714
            ],
            [
              3.821908504827188,
              51.33316779144297
            ],
            [
              3.8219119680043865,
              51.33316743669968
            ],
            [
              3.821915437310889,
              51.333167106293445
            ],
            [
              3.821918912310885,
              51.33316680026576
            ],
            [
              3.8219223925678594,
              51.333166518655034
            ],
            [
              3.8219258776446257,
              51.333166261496665
            ],
            [
              3.821929367103398,
              51.33316602882294
            ],
            [
              3.8219328605058367,
              51.33316582066312
            ],
            [
              3.821936357413113,
              51.33316563704336
            ],
            [
              3.821939857385947,
              51.33316547798669
            ],
            [
              3.821943359984688,
              51.3331653435131
            ],
            [
              3.8219468647693393,
              51.333165233639484
            ],
            [
              3.821950371299644,
              51.333165148379656
            ],
            [
              3.821953879135118,
              51.33316508774434
            ],
            [
              3.8219573878351145,
              51.33316505174108
            ],
            [
              3.8219608969588803,
              51.33316504037449
            ],
            [
              3.821964406065607,
              51.33316505364595
            ],
            [
              3.8219679147144867,
              51.33316509155377
            ],
            [
              3.8219714224647743,
              51.33316515409324
            ],
            [
              3.8219749288758313,
              51.33316524125651
            ],
            [
              3.821978433507194,
              51.33316535303253
            ],
            [
              3.821981935918616,
              51.3331654894074
            ],
            [
              3.821985435670133,
              51.333165650363895
            ],
            [
              3.8219889323221157,
              51.333165835881836
            ],
            [
              3.8219924254353197,
              51.33316604593789
            ],
            [
              3.82199591457095,
              51.33316628050566
            ],
            [
              3.8219993992907093,
              51.33316653955571
            ],
            [
              3.822002879156858,
              51.333166823055514
            ],
            [
              3.822006353732257,
              51.33316713096945
            ],
            [
              3.8220098225804415,
              51.333167463258796
            ],
            [
              3.8220132852656645,
              51.33316781988186
            ],
            [
              3.822016741352948,
              51.33316820079384
            ],
            [
              3.822020190408149,
              51.33316860594685
            ],
            [
              3.822023631998003,
              51.33316903529004
            ],
            [
              3.8220270656901834,
              51.333169488769435
            ],
            [
              3.822030491053361,
              51.333169966328114
            ],
            [
              3.822033907657247,
              51.33317046790603
            ],
            [
              3.8220373150726594,
              51.33317099344017
            ],
            [
              3.822040712871559,
              51.33317154286466
            ],
            [
              3.822044100627125,
              51.33317211611028
            ],
            [
              3.8220474779137947,
              51.333172713105206
            ],
            [
              3.822050844307321,
              51.33317333377427
            ],
            [
              3.822054199384828,
              51.33317397803969
            ],
            [
              3.8220575427248504,
              51.33317464582037
            ],
            [
              3.8220608739074104,
              51.333175337032536
            ],
            [
              3.8220641925140497,
              51.33317605158928
            ],
            [
              3.8220674981278933,
              51.333176789400916
            ],
            [
              3.822070790333694,
              51.33317755037464
            ],
            [
              3.8220740687178947,
              51.33317833441502
            ],
            [
              3.8220773328686684,
              51.33317914142349
            ],
            [
              3.8220805823759814,
              51.33317997129862
            ],
            [
              3.8220838168316345,
              51.333180823936274
            ],
            [
              3.822087035829324,
              51.333181699229264
            ],
            [
              3.8220902389646825,
              51.33318259706767
            ],
            [
              3.8220934258353423,
              51.3331835173387
            ],
            [
              3.822096596040971,
              51.333184459926734
            ],
            [
              3.822099749183336,
              51.33318542471345
            ],
            [
              3.8221028848663416,
              51.33318641157752
            ],
            [
              3.8221060026960925,
              51.33318742039507
            ],
            [
              3.82210910228093,
              51.333188451039355
            ],
            [
              3.8221121832314924,
              51.333189503380886
            ],
            [
              3.822115245160752,
              51.333190577287496
            ],
            [
              3.8221182876840767,
              51.3331916726243
            ],
            [
              3.822121310419271,
              51.33319278925364
            ],
            [
              3.82212431298662,
              51.333193927035275
            ],
            [
              3.822127295008949,
              51.33319508582633
            ],
            [
              3.8221302561116612,
              51.33319626548118
            ],
            [
              3.822133195922783,
              51.333197465851654
            ],
            [
              3.8221361140730243,
              51.33319868678696
            ],
            [
              3.8221390101958104,
              51.333199928133766
            ],
            [
              3.822141883927334,
              51.33320118973602
            ],
            [
              3.8221447349066002,
              51.333202471435406
            ],
            [
              3.8221475627754713,
              51.333203773070814
            ],
            [
              3.822150367178719,
              51.33320509447878
            ],
            [
              3.8221531477640536,
              51.3332064354933
            ],
            [
              3.8221559041821846,
              51.33320779594589
            ],
            [
              3.8221586360868485,
              51.33320917566569
            ],
            [
              3.822161343134872,
              51.33321057447936
            ],
            [
              3.8221640249861952,
              51.33321199221117
            ],
            [
              3.8221666813039286,
              51.33321342868308
            ],
            [
              3.8221693117543887,
              51.33321488371463
            ],
            [
              3.822171916007138,
              51.33321635712295
            ],
            [
              3.822174493735036,
              51.33321784872308
            ],
            [
              3.822177044614269,
              51.33321935832759
            ],
            [
              3.822177044614269,
              51.33321935832759
            ],
            [
              3.822186346343688,
              51.33322516509907
            ],
            [
              3.822186346343688,
              51.33322516509907
            ],
            [
              3.822188463921247,
              51.33322684326114
            ],
            [
              3.822190554527888,
              51.333228534641364
            ],
            [
              3.822192617953364,
              51.333230239069664
            ],
            [
              3.822194653990162,
              51.33323195637463
            ],
            [
              3.8221966624335253,
              51.33323368638355
            ],
            [
              3.8221986430814665,
              51.333235428922436
            ],
            [
              3.8222005957348006,
              51.33323718381606
            ],
            [
              3.8222025201971492,
              51.33323895088795
            ],
            [
              3.822204416274978,
              51.33324072996039
            ],
            [
              3.8222062837776014,
              51.333242520854455
            ],
            [
              3.82220812251721,
              51.33324432339005
            ],
            [
              3.822209932308885,
              51.33324613738591
            ],
            [
              3.8222117129706192,
              51.333247962659605
            ],
            [
              3.8222134643233368,
              51.33324979902755
            ],
            [
              3.8222151861909057,
              51.33325164630509
            ],
            [
              3.8222168784001647,
              51.333253504306455
            ],
            [
              3.8222185407809275,
              51.33325537284481
            ],
            [
              3.822220173166012,
              51.33325725173218
            ],
            [
              3.8222217753912573,
              51.333259140779724
            ],
            [
              3.822223347295521,
              51.33326103979733
            ],
            [
              3.8222248887207275,
              51.33326294859412
            ],
            [
              3.8222263995118544,
              51.33326486697812
            ],
            [
              3.822227879516962,
              51.333266794756376
            ],
            [
              3.822229328587213,
              51.33326873173503
            ],
            [
              3.8222307465768717,
              51.33327067771932
            ],
            [
              3.822232133343337,
              51.33327263251349
            ],
            [
              3.8222334887471385,
              51.33327459592097
            ],
            [
              3.822234812651967,
              51.333276567744335
            ],
            [
              3.822236104924676,
              51.33327854778526
            ],
            [
              3.822237365435308,
              51.33328053584468
            ],
            [
              3.8222385940570867,
              51.33328253172259
            ],
            [
              3.822239790666457,
              51.33328453521828
            ],
            [
              3.8222409551430716,
              51.3332865461303
            ],
            [
              3.8222420873698226,
              51.33328856425638
            ],
            [
              3.8222431872328406,
              51.333290589393606
            ],
            [
              3.82224425462151,
              51.3332926213383
            ],
            [
              3.822245289428488,
              51.33329465988612
            ],
            [
              3.822246291549698,
              51.33329670483207
            ],
            [
              3.8222472608843585,
              51.33329875597047
            ],
            [
              3.822248197334988,
              51.33330081309505
            ],
            [
              3.822249100807398,
              51.3333028759989
            ],
            [
              3.822249971210728,
              51.33330494447465
            ],
            [
              3.822250808457446,
              51.33330701831423
            ],
            [
              3.822251612463342,
              51.333309097309076
            ],
            [
              3.8222523831475583,
              51.33331118125011
            ],
            [
              3.822253120432584,
              51.33331326992779
            ],
            [
              3.822253824244268,
              51.333315363131995
            ],
            [
              3.822254494511829,
              51.33331746065232
            ],
            [
              3.822255131167851,
              51.33331956227775
            ],
            [
              3.82225573414831,
              51.33332166779692
            ],
            [
              3.822256303392557,
              51.33332377699817
            ],
            [
              3.8222568388433404,
              51.33332588966932
            ],
            [
              3.82225734044681,
              51.333328005597885
            ],
            [
              3.822257808152513,
              51.33333012457118
            ],
            [
              3.8222582419134143,
              51.33333224637595
            ],
            [
              3.8222586416858806,
              51.33333437079891
            ],
            [
              3.8222590074297087,
              51.333336497626476
            ],
            [
              3.8222593391081103,
              51.33333862664462
            ],
            [
              3.8222596366877246,
              51.33334075763935
            ],
            [
              3.8222599001386213,
              51.333342890396274
            ],
            [
              3.8222601294343024,
              51.333345024700975
            ],
            [
              3.8222603245516997,
              51.33334716033875
            ],
            [
              3.822260485471189,
              51.33334929709487
            ],
            [
              3.8222606121765836,
              51.333351434754434
            ],
            [
              3.8222607046551333,
              51.333353573102464
            ],
            [
              3.822260762897535,
              51.33335571192395
            ],
            [
              3.8222607868979237,
              51.33335785100375
            ],
            [
              3.8222607766538856,
              51.33335999012671
            ],
            [
              3.8222607321664435,
              51.333362129077834
            ],
            [
              3.8222606534400647,
              51.33336426764187
            ],
            [
              3.822260540482667,
              51.33336640560384
            ],
            [
              3.822260393305601,
              51.333368542748744
            ],
            [
              3.8222602119236626,
              51.33337067886156
            ],
            [
              3.822259996355091,
              51.33337281372757
            ],
            [
              3.8222597466215595,
              51.33337494713203
            ],
            [
              3.8222594627481765,
              51.33337707886041
            ],
            [
              3.822259144763487,
              51.3333792086983
            ],
            [
              3.8222587926994636,
              51.33338133643154
            ],
            [
              3.8222584065915095,
              51.333383461846125
            ],
            [
              3.822257986478448,
              51.33338558472835
            ],
            [
              3.822257532402525,
              51.333387704864656
            ],
            [
              3.8222570444094015,
              51.33338982204188
            ],
            [
              3.822256522548145,
              51.333391936047086
            ],
            [
              3.822255966871235,
              51.333394046667706
            ],
            [
              3.8222553774345496,
              51.33339615369142
            ],
            [
              3.822254754297363,
              51.333398256906364
            ],
            [
              3.822254097522337,
              51.333400356101066
            ],
            [
              3.822253407175514,
              51.33340245106435
            ],
            [
              3.8222526833263197,
              51.33340454158555
            ],
            [
              3.8222519260475427,
              51.333406627454444
            ],
            [
              3.8222511354153332,
              51.33340870846128
            ],
            [
              3.822250311509203,
              51.33341078439672
            ],
            [
              3.8222494544120047,
              51.33341285505205
            ],
            [
              3.8222485642099255,
              51.33341492021899
            ],
            [
              3.8222476409924875,
              51.33341697968985
            ],
            [
              3.8222466848525336,
              51.33341903325762
            ],
            [
              3.822245695886214,
              51.33342108071562
            ],
            [
              3.822244674192982,
              51.333423121858
            ],
            [
              3.822243619875582,
              51.33342515647958
            ],
            [
              3.822243619875582,
              51.33342515647958
            ],
            [
              3.822242673693657,
              51.333426365016486
            ],
            [
              3.8222417161285054,
              51.33342757003002
            ],
            [
              3.822240747213554,
              51.333428771478054
            ],
            [
              3.8222397669826336,
              51.333429969318644
            ],
            [
              3.822238775469968,
              51.333431163509985
            ],
            [
              3.822237772710178,
              51.333432354010384
            ],
            [
              3.8222367587382733,
              51.33343354077824
            ],
            [
              3.822235733589656,
              51.333434723772136
            ],
            [
              3.8222346973001198,
              51.333435902950725
            ],
            [
              3.8222336499058436,
              51.33343707827292
            ],
            [
              3.8222325914434023,
              51.333438249697615
            ],
            [
              3.8222315219497496,
              51.333439417183975
            ],
            [
              3.8222304414622257,
              51.333440580691175
            ],
            [
              3.822229350018555,
              51.33344174017858
            ],
            [
              3.822228247656849,
              51.33344289560577
            ],
            [
              3.822227134415591,
              51.33344404693236
            ],
            [
              3.8222260103336567,
              51.33344519411811
            ],
            [
              3.8222248754502877,
              51.33344633712308
            ],
            [
              3.82222372980511,
              51.33344747590726
            ],
            [
              3.822222573438126,
              51.333448610430956
            ],
            [
              3.8222214063897058,
              51.33344974065448
            ],
            [
              3.822220228700602,
              51.33345086653841
            ],
            [
              3.8222190404119294,
              51.3334519880435
            ],
            [
              3.822217841565179,
              51.33345310513049
            ],
            [
              3.8222166322022075,
              51.33345421776039
            ],
            [
              3.8222154123652445,
              51.33345532589441
            ],
            [
              3.8222141820968765,
              51.333456429493836
            ],
            [
              3.8222129414400565,
              51.3334575285201
            ],
            [
              3.822211690438107,
              51.333458622934856
            ],
            [
              3.8222104291347017,
              51.33345971269987
            ],
            [
              3.822209157573885,
              51.333460797777164
            ],
            [
              3.822207875800049,
              51.333461878128766
            ],
            [
              3.822206583857949,
              51.33346295371697
            ],
            [
              3.8222052817926935,
              51.333464024504266
            ],
            [
              3.8222039696497454,
              51.333465090453245
            ],
            [
              3.8222026474749176,
              51.33346615152666
            ],
            [
              3.8222013153143717,
              51.3334672076875
            ],
            [
              3.8221999732146226,
              51.333468258898876
            ],
            [
              3.8221986212225287,
              51.33346930512408
            ],
            [
              3.8221972593852973,
              51.33347034632657
            ],
            [
              3.822195887750475,
              51.33347138247002
            ],
            [
              3.8221945063659533,
              51.333472413518244
            ],
            [
              3.8221931152799664,
              51.33347343943525
            ],
            [
              3.822191714541083,
              51.33347446018515
            ],
            [
              3.8221903041982066,
              51.333475475732406
            ],
            [
              3.8221888843005827,
              51.333476486041526
            ],
            [
              3.8221874548977888,
              51.33347749107718
            ],
            [
              3.8221860160397307,
              51.33347849080432
            ],
            [
              3.822184567776648,
              51.33347948518806
            ],
            [
              3.8221831101591075,
              51.333480474193635
            ],
            [
              3.8221816432380002,
              51.33348145778655
            ],
            [
              3.822180167064547,
              51.33348243593241
            ],
            [
              3.822178681690289,
              51.33348340859715
            ],
            [
              3.822177187167085,
              51.33348437574676
            ],
            [
              3.8221756835471195,
              51.33348533734741
            ],
            [
              3.8221741708828914,
              51.3334862933656
            ],
            [
              3.822172649227218,
              51.33348724376799
            ],
            [
              3.8221711186332263,
              51.33348818852126
            ],
            [
              3.8221695791543575,
              51.33348912759257
            ],
            [
              3.822168030844364,
              51.333490060949025
            ],
            [
              3.822166473757306,
              51.33349098855809
            ],
            [
              3.8221649079475477,
              51.33349191038735
            ],
            [
              3.822163333469765,
              51.33349282640463
            ],
            [
              3.8221617503789247,
              51.33349373657798
            ],
            [
              3.822160158730307,
              51.33349464087556
            ],
            [
              3.822158558579483,
              51.333495539265805
            ],
            [
              3.8221569499823214,
              51.33349643171743
            ],
            [
              3.8221553329949893,
              51.33349731819914
            ],
            [
              3.8221537076739427,
              51.3334981986801
            ],
            [
              3.8221520740759325,
              51.333499073129474
            ],
            [
              3.822150432257994,
              51.333499941516855
            ],
            [
              3.8221487822774547,
              51.33350080381175
            ],
            [
              3.8221471241919263,
              51.333501659984215
            ],
            [
              3.8221454580592953,
              51.33350251000429
            ],
            [
              3.822143783937741,
              51.33350335384223
            ],
            [
              3.8221421018857127,
              51.33350419146868
            ],
            [
              3.8221404119619447,
              51.3335050228543
            ],
            [
              3.8221387142254386,
              51.33350584797016
            ],
            [
              3.822137008735474,
              51.33350666678738
            ],
            [
              3.822135295551595,
              51.33350747927738
            ],
            [
              3.822133574733621,
              51.3335082854118
            ],
            [
              3.8221318463416347,
              51.333509085162504
            ],
            [
              3.8221301104359853,
              51.333509878501566
            ],
            [
              3.8221283670772834,
              51.33351066540125
            ],
            [
              3.8221266163263956,
              51.33351144583411
            ],
            [
              3.822124858244455,
              51.333512219772935
            ],
            [
              3.8221230928928445,
              51.33351298719062
            ],
            [
              3.822121320333201,
              51.33351374806047
            ],
            [
              3.8221195406274178,
              51.33351450235582
            ],
            [
              3.822117753837628,
              51.33351525005033
            ],
            [
              3.8221159600262276,
              51.333515991118
            ],
            [
              3.8221141592558414,
              51.33351672553288
            ],
            [
              3.822112351589347,
              51.33351745326932
            ],
            [
              3.8221105370898614,
              51.333518174301965
            ],
            [
              3.8221087158207396,
              51.33351888860557
            ],
            [
              3.822106887845569,
              51.33351959615527
            ],
            [
              3.8221050532281766,
              51.3335202969263
            ],
            [
              3.8221032120326206,
              51.333520990894186
            ],
            [
              3.8221013643231845,
              51.33352167803472
            ],
            [
              3.8221013643231845,
              51.33352167803472
            ],
            [
              3.8220983886302258,
              51.333522597639956
            ],
            [
              3.8220953970370686,
              51.33352349677355
            ],
            [
              3.8220923899026036,
              51.33352437532771
            ],
            [
              3.82208936758758,
              51.33352523319697
            ],
            [
              3.822086330454569,
              51.33352607027843
            ],
            [
              3.8220832788679155,
              51.33352688647175
            ],
            [
              3.8220802131937064,
              51.33352768167889
            ],
            [
              3.8220771337997106,
              51.33352845580454
            ],
            [
              3.82207404105535,
              51.33352920875582
            ],
            [
              3.8220709353316438,
              51.33352994044239
            ],
            [
              3.8220678170011686,
              51.333530650776474
            ],
            [
              3.8220646864380146,
              51.33353133967287
            ],
            [
              3.8220615440177386,
              51.33353200704887
            ],
            [
              3.8220583901173235,
              51.3335326528245
            ],
            [
              3.822055225115122,
              51.33353327692222
            ],
            [
              3.822052049390826,
              51.333533879267236
            ],
            [
              3.8220488633254064,
              51.33353445978729
            ],
            [
              3.8220456673010865,
              51.33353501841261
            ],
            [
              3.822042461701273,
              51.33353555507632
            ],
            [
              3.8220392469105233,
              51.333536069713915
            ],
            [
              3.8220360233145017,
              51.33353656226379
            ],
            [
              3.8220327912999266,
              51.333537032666776
            ],
            [
              3.822029551254526,
              51.333537480866454
            ],
            [
              3.822026303566992,
              51.333537906809084
            ],
            [
              3.822023048626933,
              51.33353831044353
            ],
            [
              3.8220197868248285,
              51.33353869172135
            ],
            [
              3.8220165185519788,
              51.33353905059688
            ],
            [
              3.822013244200465,
              51.33353938702703
            ],
            [
              3.8220099641630894,
              51.333539700971365
            ],
            [
              3.822006678833346,
              51.333539992392346
            ],
            [
              3.8220033886053613,
              51.33354026125497
            ],
            [
              3.822000093873843,
              51.333540507526955
            ],
            [
              3.821996795034045,
              51.3335407311788
            ],
            [
              3.821993492481712,
              51.33354093218362
            ],
            [
              3.821990186613038,
              51.33354111051735
            ],
            [
              3.8219868778246058,
              51.33354126615856
            ],
            [
              3.8219835665133615,
              51.33354139908863
            ],
            [
              3.8219802530765405,
              51.33354150929151
            ],
            [
              3.8219769379116424,
              51.333541596754095
            ],
            [
              3.82197362141637,
              51.33354166146585
            ],
            [
              3.8219703039885875,
              51.333541703419
            ],
            [
              3.82196698602627,
              51.33354172260849
            ],
            [
              3.821963667927457,
              51.333541719032105
            ],
            [
              3.8219603500902037,
              51.333541692690176
            ],
            [
              3.821957032912534,
              51.33354164358591
            ],
            [
              3.8219537167923967,
              51.333541571725235
            ],
            [
              3.821950402127607,
              51.33354147711665
            ],
            [
              3.821947089315811,
              51.33354135977165
            ],
            [
              3.8219437787544264,
              51.333541219704216
            ],
            [
              3.8219404708406084,
              51.333541056931175
            ],
            [
              3.821937165971189,
              51.33354087147209
            ],
            [
              3.8219338645426406,
              51.33354066334912
            ],
            [
              3.821930566951014,
              51.33354043258735
            ],
            [
              3.8219272735919074,
              51.33354017921439
            ],
            [
              3.8219239848604074,
              51.33353990326063
            ],
            [
              3.8219207011510505,
              51.333539604759196
            ],
            [
              3.821917422857761,
              51.33353928374595
            ],
            [
              3.821914150373823,
              51.33353894025929
            ],
            [
              3.82191088409182,
              51.333538574340515
            ],
            [
              3.8219076244035914,
              51.33353818603348
            ],
            [
              3.821904371700181,
              51.33353777538477
            ],
            [
              3.821901126371805,
              51.333537342443684
            ],
            [
              3.8218978888077895,
              51.333536887262106
            ],
            [
              3.8218946593965226,
              51.333536409894656
            ],
            [
              3.8218914385254257,
              51.333535910398645
            ],
            [
              3.8218882265808873,
              51.33353538883396
            ],
            [
              3.8218850239482287,
              51.33353484526319
            ],
            [
              3.821881831011656,
              51.33353427975149
            ],
            [
              3.8218786481542035,
              51.33353369236676
            ],
            [
              3.8218754757577083,
              51.33353308317943
            ],
            [
              3.8218723142027446,
              51.333532452262624
            ],
            [
              3.8218691638685836,
              51.333531799692004
            ],
            [
              3.821866025133159,
              51.33353112554586
            ],
            [
              3.8218628983730105,
              51.333530429905004
            ],
            [
              3.821859783963232,
              51.333529712853
            ],
            [
              3.8218566822774487,
              51.333528974475804
            ],
            [
              3.8218535936877522,
              51.333528214862
            ],
            [
              3.8218505185646623,
              51.333527434102706
            ],
            [
              3.8218474572770873,
              51.333526632291594
            ],
            [
              3.8218444101922753,
              51.33352580952492
            ],
            [
              3.821841377675764,
              51.333524965901255
            ],
            [
              3.821838360091353,
              51.33352410152194
            ],
            [
              3.821835357801041,
              51.33352321649056
            ],
            [
              3.8218323711649984,
              51.33352231091334
            ],
            [
              3.8218294005415174,
              51.33352138489892
            ],
            [
              3.8218264462869658,
              51.333520438558395
            ],
            [
              3.8218235087557497,
              51.33351947200527
            ],
            [
              3.821820588300267,
              51.3335184853555
            ],
            [
              3.8218176852708723,
              51.33351747872745
            ],
            [
              3.8218148000158223,
              51.333516452241916
            ],
            [
              3.821811932881246,
              51.33351540602196
            ],
            [
              3.8218090842110986,
              51.33351434019317
            ],
            [
              3.8218062543471163,
              51.33351325488335
            ],
            [
              3.8218034436287867,
              51.33351215022275
            ],
            [
              3.8218006523932915,
              51.333511026343864
            ],
            [
              3.8217978809754793,
              51.333509883381524
            ],
            [
              3.8217951297078234,
              51.333508721472825
            ],
            [
              3.821792398920375,
              51.33350754075721
            ],
            [
              3.8217896889407332,
              51.33350634137626
            ],
            [
              3.8217896889407332,
              51.33350634137626
            ],
            [
              3.821787543480805,
              51.333505375121916
            ],
            [
              3.8217854114701564,
              51.33350439725557
            ],
            [
              3.821783293068938,
              51.33350340785073
            ],
            [
              3.821781188436281,
              51.333502406981665
            ],
            [
              3.8217790977302815,
              51.333501394723584
            ],
            [
              3.8217770211079864,
              51.33350037115254
            ],
            [
              3.8217749587253915,
              51.333499336345454
            ],
            [
              3.821772910737417,
              51.33349829037993
            ],
            [
              3.821770877297903,
              51.33349723333465
            ],
            [
              3.8217688585595964,
              51.333496165289
            ],
            [
              3.8217668546741432,
              51.333495086323225
            ],
            [
              3.8217648657920678,
              51.33349399651832
            ],
            [
              3.8217628920627744,
              51.333492895956205
            ],
            [
              3.8217609336345237,
              51.33349178471951
            ],
            [
              3.821758990654426,
              51.33349066289169
            ],
            [
              3.82175706326844,
              51.33348953055709
            ],
            [
              3.8217551516213404,
              51.333488387800756
            ],
            [
              3.82175325585673,
              51.33348723470846
            ],
            [
              3.8217513761170117,
              51.33348607136688
            ],
            [
              3.8217495125433865,
              51.333484897863414
            ],
            [
              3.8217476652758453,
              51.33348371428618
            ],
            [
              3.821745834453148,
              51.333482520724054
            ],
            [
              3.8217440202128223,
              51.33348131726679
            ],
            [
              3.821742222691151,
              51.33348010400472
            ],
            [
              3.8217404420231573,
              51.333478881028974
            ],
            [
              3.821738678342603,
              51.333477648431476
            ],
            [
              3.821736931781969,
              51.333476406304776
            ],
            [
              3.8217352024724547,
              51.333475154742196
            ],
            [
              3.8217334905439584,
              51.33347389383771
            ],
            [
              3.8217317961250803,
              51.3334726236861
            ],
            [
              3.8217301193430986,
              51.33347134438275
            ],
            [
              3.8217284603239676,
              51.33347005602376
            ],
            [
              3.821726819192311,
              51.33346875870588
            ],
            [
              3.8217251960714025,
              51.33346745252659
            ],
            [
              3.8217235910831726,
              51.33346613758404
            ],
            [
              3.8217220043481785,
              51.33346481397695
            ],
            [
              3.8217204359856116,
              51.333463481804756
            ],
            [
              3.8217188861132856,
              51.333462141167566
            ],
            [
              3.82171735484762,
              51.33346079216603
            ],
            [
              3.8217158423036426,
              51.33345943490156
            ],
            [
              3.8217143485949676,
              51.33345806947603
            ],
            [
              3.8217128738338024,
              51.33345669599204
            ],
            [
              3.821711418130923,
              51.33345531455281
            ],
            [
              3.821709981595678,
              51.333453925262056
            ],
            [
              3.8217085643359745,
              51.333452528224115
            ],
            [
              3.821707166458277,
              51.333451123543995
            ],
            [
              3.821705788067586,
              51.33344971132722
            ],
            [
              3.8217044292674425,
              51.3334482916798
            ],
            [
              3.821703090159917,
              51.33344686470842
            ],
            [
              3.8217017708455985,
              51.33344543052026
            ],
            [
              3.821700471423587,
              51.33344398922306
            ],
            [
              3.8216991919914958,
              51.3334425409251
            ],
            [
              3.8216979326454243,
              51.33344108573518
            ],
            [
              3.821696693479977,
              51.333439623762565
            ],
            [
              3.8216954745882328,
              51.33343815511709
            ],
            [
              3.8216942760617507,
              51.33343667990909
            ],
            [
              3.8216930979905617,
              51.333435198249425
            ],
            [
              3.821691940463158,
              51.333433710249345
            ],
            [
              3.821690803566485,
              51.333432216020576
            ],
            [
              3.8216896873859443,
              51.333430715675455
            ],
            [
              3.8216885920053825,
              51.333429209326624
            ],
            [
              3.8216875175070752,
              51.33342769708728
            ],
            [
              3.821686463971741,
              51.33342617907098
            ],
            [
              3.82168543147851,
              51.3334246553918
            ],
            [
              3.821684420104941,
              51.33342312616413
            ],
            [
              3.8216834299270106,
              51.33342159150294
            ],
            [
              3.82168246101909,
              51.33342005152341
            ],
            [
              3.821681513453961,
              51.33341850634127
            ],
            [
              3.8216805873028012,
              51.33341695607257
            ],
            [
              3.82167968263518,
              51.3334154008338
            ],
            [
              3.821678799519048,
              51.33341384074176
            ],
            [
              3.8216779380207497,
              51.333412275913645
            ],
            [
              3.821677098204988,
              51.33341070646699
            ],
            [
              3.8216762801348487,
              51.33340913251969
            ],
            [
              3.8216754838717835,
              51.33340755418999
            ],
            [
              3.821674709475602,
              51.3334059715965
            ],
            [
              3.8216739570044718,
              51.333404384857985
            ],
            [
              3.8216732265149185,
              51.33340279409373
            ],
            [
              3.8216725180618094,
              51.33340119942319
            ],
            [
              3.821671831698359,
              51.333399600966196
            ],
            [
              3.8216711674761283,
              51.33339799884275
            ],
            [
              3.8216705254450036,
              51.333396393173274
            ],
            [
              3.821669905653215,
              51.333394784078315
            ],
            [
              3.8216693081473156,
              51.33339317167879
            ],
            [
              3.821668732972186,
              51.333391556095826
            ],
            [
              3.8216681801710326,
              51.33338993745071
            ],
            [
              3.8216676497853745,
              51.333388315865136
            ],
            [
              3.821667141855054,
              51.33338669146086
            ],
            [
              3.8216666564182233,
              51.33338506435988
            ],
            [
              3.8216661935113425,
              51.33338343468446
            ],
            [
              3.821665753169183,
              51.33338180255703
            ],
            [
              3.82166533542482,
              51.33338016810013
            ],
            [
              3.82166494030963,
              51.33337853143661
            ],
            [
              3.821664567853295,
              51.333376892689316
            ],
            [
              3.821664218083785,
              51.33337525198146
            ],
            [
              3.821663891027375,
              51.33337360943622
            ],
            [
              3.8216635867086293,
              51.333371965177
            ],
            [
              3.821663305150403,
              51.333370319327315
            ],
            [
              3.8216630463738483,
              51.333368672010764
            ],
            [
              3.8216630463738483,
              51.333368672010764
            ],
            [
              3.821662980033131,
              51.33336661862459
            ],
            [
              3.821662944999268,
              51.33336456493515
            ],
            [
              3.821662941275453,
              51.333362511129764
            ],
            [
              3.821662968862013,
              51.333360457395784
            ],
            [
              3.821663027756435,
              51.33335840392047
            ],
            [
              3.821663117953343,
              51.333356350891144
            ],
            [
              3.821663239444504,
              51.333354298495045
            ],
            [
              3.8216633922188348,
              51.333352246919304
            ],
            [
              3.8216635762623965,
              51.33335019635106
            ],
            [
              3.8216637915583993,
              51.33334814697742
            ],
            [
              3.8216640380872073,
              51.33334609898516
            ],
            [
              3.821664315826327,
              51.33334405256114
            ],
            [
              3.821664624750425,
              51.33334200789197
            ],
            [
              3.8216649648313235,
              51.33333996516417
            ],
            [
              3.8216653360380013,
              51.33333792456398
            ],
            [
              3.821665738336597,
              51.33333588627755
            ],
            [
              3.8216661716904197,
              51.3333338504908
            ],
            [
              3.821666636059938,
              51.33333181738938
            ],
            [
              3.821667131402798,
              51.33332978715868
            ],
            [
              3.821667657673818,
              51.33332775998392
            ],
            [
              3.821668214824996,
              51.333325736049936
            ],
            [
              3.821668802805515,
              51.33332371554134
            ],
            [
              3.821669421561744,
              51.33332169864242
            ],
            [
              3.8216700710372473,
              51.33331968553709
            ],
            [
              3.8216707511727877,
              51.333317676409
            ],
            [
              3.8216714619063272,
              51.33331567144133
            ],
            [
              3.8216722031730423,
              51.333313670817006
            ],
            [
              3.821672974905326,
              51.333311674718445
            ],
            [
              3.8216737770327893,
              51.3333096833277
            ],
            [
              3.8216746094822667,
              51.33330769682638
            ],
            [
              3.8216754721778363,
              51.3333057153957
            ],
            [
              3.821676365040812,
              51.333303739216355
            ],
            [
              3.8216772879897616,
              51.3333017684686
            ],
            [
              3.821678240940502,
              51.33329980333209
            ],
            [
              3.8216792238061195,
              51.333297843986166
            ],
            [
              3.821680236496969,
              51.33329589060944
            ],
            [
              3.8216812789206838,
              51.33329394338014
            ],
            [
              3.821682350982195,
              51.33329200247576
            ],
            [
              3.8216834525837164,
              51.33329006807341
            ],
            [
              3.821684583624778,
              51.33328814034945
            ],
            [
              3.82168574400222,
              51.33328621947973
            ],
            [
              3.8216869336102115,
              51.33328430563946
            ],
            [
              3.8216881523402515,
              51.33328239900306
            ],
            [
              3.821689400081188,
              51.333280499744625
            ],
            [
              3.8216906767192147,
              51.33327860803718
            ],
            [
              3.8216919821378967,
              51.33327672405341
            ],
            [
              3.8216933162181737,
              51.33327484796501
            ],
            [
              3.8216946788383686,
              51.333272979943175
            ],
            [
              3.821696069874206,
              51.333271120158244
            ],
            [
              3.8216974891988134,
              51.33326926877985
            ],
            [
              3.8216989366827416,
              51.33326742597677
            ],
            [
              3.821700412193972,
              51.33326559191716
            ],
            [
              3.8217019155979326,
              51.33326376676831
            ],
            [
              3.8217034467575037,
              51.33326195069654
            ],
            [
              3.821705005533035,
              51.33326014386764
            ],
            [
              3.821706591782363,
              51.333258346446286
            ],
            [
              3.8217082053608094,
              51.33325655859645
            ],
            [
              3.8217098461212085,
              51.3332547804812
            ],
            [
              3.8217115139139186,
              51.33325301226274
            ],
            [
              3.821713208586826,
              51.33325125410224
            ],
            [
              3.821714929985372,
              51.33324950616009
            ],
            [
              3.8217166779525553,
              51.33324776859576
            ],
            [
              3.8217184523289527,
              51.33324604156763
            ],
            [
              3.821720252952735,
              51.333244325233245
            ],
            [
              3.8217220796596783,
              51.33324261974921
            ],
            [
              3.821723932283176,
              51.33324092527099
            ],
            [
              3.821725810654267,
              51.33323924195314
            ],
            [
              3.821727714601629,
              51.333237569949176
            ],
            [
              3.8217296439516173,
              51.333235909411634
            ],
            [
              3.82173159852827,
              51.3332342604919
            ],
            [
              3.821733578153316,
              51.333232623340415
            ],
            [
              3.8217355826462094,
              51.33323099810644
            ],
            [
              3.8217376118241337,
              51.333229384938235
            ],
            [
              3.821739665502019,
              51.33322778398287
            ],
            [
              3.8217417434925594,
              51.333226195386466
            ],
            [
              3.8217438456062394,
              51.33322461929381
            ],
            [
              3.821745971651332,
              51.33322305584873
            ],
            [
              3.8217481214339384,
              51.333221505193684
            ],
            [
              3.8217502947579898,
              51.33321996747021
            ],
            [
              3.821752491425274,
              51.33321844281851
            ],
            [
              3.821754711235441,
              51.33321693137767
            ],
            [
              3.82175695398604,
              51.33321543328549
            ],
            [
              3.8217592194725243,
              51.3332139486786
            ],
            [
              3.821761507488273,
              51.333212477692484
            ],
            [
              3.8217638178246096,
              51.333211020461185
            ],
            [
              3.821766150270828,
              51.33320957711767
            ],
            [
              3.821768504614199,
              51.33320814779357
            ],
            [
              3.821770880639995,
              51.333206732619246
            ],
            [
              3.821773278131522,
              51.33320533172375
            ],
            [
              3.8217756968701138,
              51.33320394523483
            ],
            [
              3.8217781366351775,
              51.333202573278975
            ],
            [
              3.821780597204198,
              51.333201215981305
            ],
            [
              3.8217830783527638,
              51.33319987346558
            ],
            [
              3.8217855798545863,
              51.33319854585427
            ],
            [
              3.8217881014815203,
              51.33319723326844
            ],
            [
              3.821790643003588,
              51.33319593582783
            ],
            [
              3.8217932041889884,
              51.33319465365074
            ],
            [
              3.821795784804143,
              51.33319338685408
            ],
            [
              3.821798384613685,
              51.33319213555346
            ]
          ],
          [
            [
              3.821798768299641,
              51.33325467621192
            ],
            [
              3.8217974435220894,
              51.33325559357528
            ],
            [
              3.8217961310646418,
              51.33325651786182
            ],
            [
              3.821794831019489,
              51.33325744900665
            ],
            [
              3.8217935434779595,
              51.3332583869443
            ],
            [
              3.8217922685304933,
              51.33325933160896
            ],
            [
              3.821791006266651,
              51.33326028293425
            ],
            [
              3.8217897567751025,
              51.33326124085328
            ],
            [
              3.821788520143617,
              51.33326220529883
            ],
            [
              3.821787296459066,
              51.33326317620315
            ],
            [
              3.8217860858074073,
              51.333264153498
            ],
            [
              3.8217848882736862,
              51.333265137114786
            ],
            [
              3.8217837039420215,
              51.33326612698437
            ],
            [
              3.8217825328956088,
              51.33326712303725
            ],
            [
              3.8217813752167107,
              51.33326812520339
            ],
            [
              3.8217802309866498,
              51.33326913341243
            ],
            [
              3.821779100285803,
              51.33327014759359
            ],
            [
              3.821777983193598,
              51.33327116767559
            ],
            [
              3.821776879788504,
              51.33327219358674
            ],
            [
              3.8217757901480356,
              51.333273225255056
            ],
            [
              3.8217747143487326,
              51.33327426260801
            ],
            [
              3.821773652466168,
              51.33327530557273
            ],
            [
              3.8217726045749334,
              51.33327635407604
            ],
            [
              3.8217715707486404,
              51.333277408044125
            ],
            [
              3.8217705510599105,
              51.33327846740309
            ],
            [
              3.8217695455803735,
              51.333279532078464
            ],
            [
              3.8217685543806623,
              51.333280601995476
            ],
            [
              3.821767577530401,
              51.33328167707892
            ],
            [
              3.821766615098216,
              51.333282757253336
            ],
            [
              3.8217656671517086,
              51.333283842442825
            ],
            [
              3.8217647337574747,
              51.333284932571146
            ],
            [
              3.821763814981076,
              51.33328602756176
            ],
            [
              3.821762910887057,
              51.33328712733772
            ],
            [
              3.8217620215389303,
              51.33328823182177
            ],
            [
              3.8217611469991626,
              51.33328934093631
            ],
            [
              3.8217602873291936,
              51.333290454603464
            ],
            [
              3.821759442589406,
              51.33329157274499
            ],
            [
              3.8217586128391456,
              51.33329269528234
            ],
            [
              3.8217577981366957,
              51.333293822136646
            ],
            [
              3.8217569985392905,
              51.33329495322876
            ],
            [
              3.8217562141030963,
              51.33329608847929
            ],
            [
              3.821755444883221,
              51.333297227808416
            ],
            [
              3.8217546909336964,
              51.33329837113608
            ],
            [
              3.821753952307486,
              51.333299518382034
            ],
            [
              3.821753229056474,
              51.333300669465686
            ],
            [
              3.8217525212314722,
              51.33330182430615
            ],
            [
              3.8217518288822,
              51.33330298282229
            ],
            [
              3.82175115205729,
              51.3333041449328
            ],
            [
              3.821750490804293,
              51.33330531055596
            ],
            [
              3.821749845169658,
              51.33330647960989
            ],
            [
              3.8217492151987384,
              51.33330765201254
            ],
            [
              3.8217486009357886,
              51.333308827681535
            ],
            [
              3.821748002423961,
              51.33331000653426
            ],
            [
              3.8217474197052947,
              51.33331118848792
            ],
            [
              3.821746852820729,
              51.33331237345952
            ],
            [
              3.821746301810084,
              51.33331356136572
            ],
            [
              3.821745766712068,
              51.33331475212318
            ],
            [
              3.821745247564271,
              51.333315945648195
            ],
            [
              3.8217447444031576,
              51.33331714185695
            ],
            [
              3.8217442572640823,
              51.33331834066545
            ],
            [
              3.821743786181257,
              51.33331954198941
            ],
            [
              3.821743331187781,
              51.3333207457445
            ],
            [
              3.8217428923156134,
              51.33332195184614
            ],
            [
              3.8217424695955864,
              51.333323160209595
            ],
            [
              3.821742063057393,
              51.333324370750006
            ],
            [
              3.821741672729593,
              51.333325583382326
            ],
            [
              3.821741298639609,
              51.33332679802138
            ],
            [
              3.8217409408137177,
              51.3333280145818
            ],
            [
              3.8217405992770557,
              51.33332923297821
            ],
            [
              3.821740274053616,
              51.33333045312497
            ],
            [
              3.821739965166247,
              51.333331674936375
            ],
            [
              3.8217396726366486,
              51.333332898326596
            ],
            [
              3.8217393964853685,
              51.333334123209745
            ],
            [
              3.8217391367318077,
              51.333335349499706
            ],
            [
              3.821738893394215,
              51.333336577110344
            ],
            [
              3.821738666489683,
              51.33333780595546
            ],
            [
              3.821738456034156,
              51.33333903594875
            ],
            [
              3.8217382620424143,
              51.33334026700377
            ],
            [
              3.821738084528087,
              51.333341499034034
            ],
            [
              3.8217379235036466,
              51.333342731953046
            ],
            [
              3.821737778980407,
              51.33334396567419
            ],
            [
              3.821737650968521,
              51.333345200110735
            ],
            [
              3.8217375394769797,
              51.33334643517606
            ],
            [
              3.8217374445136194,
              51.33334767078333
            ],
            [
              3.8217373660851086,
              51.333348906845806
            ],
            [
              3.8217373041969602,
              51.33335014327665
            ],
            [
              3.821737258853524,
              51.33335137998897
            ],
            [
              3.821737230057985,
              51.33335261689591
            ],
            [
              3.821737217812365,
              51.33335385391062
            ],
            [
              3.82173722211753,
              51.33335509094616
            ],
            [
              3.8217372429731773,
              51.333356327915645
            ],
            [
              3.821737280377844,
              51.333357564732204
            ],
            [
              3.8217373343289025,
              51.33335880130892
            ],
            [
              3.8217374048225645,
              51.33336003755896
            ],
            [
              3.821737491853877,
              51.33336127339546
            ],
            [
              3.821737595416734,
              51.33336250873163
            ],
            [
              3.8217377155038585,
              51.33336374348067
            ],
            [
              3.8217378521068137,
              51.33336497755588
            ],
            [
              3.8217380052160084,
              51.33336621087048
            ],
            [
              3.8217381748206867,
              51.333367443337956
            ],
            [
              3.8217381748206867,
              51.333367443337956
            ],
            [
              3.8217386345224336,
              51.333370635914704
            ],
            [
              3.8217392105207266,
              51.33337382108035
            ],
            [
              3.821739902515001,
              51.333376997172756
            ],
            [
              3.8217407101441605,
              51.33338016253443
            ],
            [
              3.8217416329867664,
              51.33338331551352
            ],
            [
              3.821742670561248,
              51.33338645446457
            ],
            [
              3.8217438223261637,
              51.33338957774954
            ],
            [
              3.8217450876804824,
              51.33339268373858
            ],
            [
              3.821746465963897,
              51.333395770810746
            ],
            [
              3.8217479564571604,
              51.33339883735499
            ],
            [
              3.821749558382474,
              51.33340188177114
            ],
            [
              3.821751270903883,
              51.33340490247033
            ],
            [
              3.8217530931277186,
              51.33340789787622
            ],
            [
              3.821755024103066,
              51.3334108664257
            ],
            [
              3.8217570628222464,
              51.333413806569546
            ],
            [
              3.821759208221367,
              51.33341671677338
            ],
            [
              3.8217614591808564,
              51.333419595518585
            ],
            [
              3.82176381452605,
              51.333422441302815
            ],
            [
              3.821766273027815,
              51.333425252641035
            ],
            [
              3.8217688334031865,
              51.33342802806605
            ],
            [
              3.8217714943160295,
              51.33343076612956
            ],
            [
              3.8217742543777433,
              51.33343346540261
            ],
            [
              3.8217771121479878,
              51.33343612447662
            ],
            [
              3.8217800661354273,
              51.33343874196391
            ],
            [
              3.821783114798523,
              51.333441316498515
            ],
            [
              3.8217862565463143,
              51.33344384673689
            ],
            [
              3.821789489739276,
              51.33344633135865
            ],
            [
              3.821792812690153,
              51.33344876906715
            ],
            [
              3.8217962236648484,
              51.33345115859022
            ],
            [
              3.821799720883331,
              51.33345349868089
            ],
            [
              3.821803302520564,
              51.33345578811801
            ],
            [
              3.82180696670745,
              51.33345802570676
            ],
            [
              3.821810711531814,
              51.33346021027946
            ],
            [
              3.8218145350393997,
              51.33346234069606
            ],
            [
              3.8218184352348845,
              51.33346441584476
            ],
            [
              3.821822410082931,
              51.333466434642666
            ],
            [
              3.8218264575092395,
              51.33346839603624
            ],
            [
              3.8218305754016315,
              51.33347029900197
            ],
            [
              3.821834761611157,
              51.33347214254666
            ],
            [
              3.8218390139532152,
              51.33347392570829
            ],
            [
              3.821843330208688,
              51.33347564755631
            ],
            [
              3.821847708125105,
              51.3334773071922
            ],
            [
              3.8218521454178185,
              51.33347890374976
            ],
            [
              3.8218566397711924,
              51.333480436395924
            ],
            [
              3.821861188839809,
              51.333481904330746
            ],
            [
              3.8218657902497033,
              51.333483306788274
            ],
            [
              3.821870441599588,
              51.3334846430366
            ],
            [
              3.821875140462119,
              51.333485912378315
            ],
            [
              3.8218798843851522,
              51.33348711415111
            ],
            [
              3.821884670893029,
              51.33348824772778
            ],
            [
              3.8218894974878683,
              51.33348931251675
            ],
            [
              3.8218943616508687,
              51.33349030796233
            ],
            [
              3.821899260843623,
              51.3334912335451
            ],
            [
              3.821904192509438,
              51.33349208878198
            ],
            [
              3.8219091540746803,
              51.33349287322667
            ],
            [
              3.8219141429501087,
              51.33349358646982
            ],
            [
              3.8219191565322332,
              51.33349422813918
            ],
            [
              3.8219241922046665,
              51.333494797899895
            ],
            [
              3.821929247339493,
              51.333495295454675
            ],
            [
              3.8219343192986415,
              51.33349572054384
            ],
            [
              3.8219394054352622,
              51.33349607294553
            ],
            [
              3.821944503095104,
              51.333496352475855
            ],
            [
              3.821949609617901,
              51.33349655898894
            ],
            [
              3.8219547223387673,
              51.33349669237704
            ],
            [
              3.821959838589575,
              51.33349675257051
            ],
            [
              3.82196495570036,
              51.33349673953793
            ],
            [
              3.821970071000708,
              51.33349665328616
            ],
            [
              3.8219751818211454,
              51.33349649386011
            ],
            [
              3.821980285494543,
              51.3334962613431
            ],
            [
              3.8219853793574976,
              51.33349595585639
            ],
            [
              3.8219904607517265,
              51.33349557755942
            ],
            [
              3.8219955270254524,
              51.33349512664957
            ],
            [
              3.8220005755347928,
              51.33349460336226
            ],
            [
              3.8220056036451355,
              51.33349400797045
            ],
            [
              3.822010608732507,
              51.333493340784905
            ],
            [
              3.8220155881849607,
              51.333492602153854
            ],
            [
              3.8220205394039155,
              51.33349179246268
            ],
            [
              3.8220254598055363,
              51.33349091213395
            ],
            [
              3.8220303468220607,
              51.33348996162707
            ],
            [
              3.8220351979031575,
              51.33348894143812
            ],
            [
              3.822040010517243,
              51.33348785209941
            ],
            [
              3.822044782152812,
              51.333486694179456
            ],
            [
              3.8220495103197436,
              51.33348546828256
            ],
            [
              3.822054192550603,
              51.333484175048426
            ],
            [
              3.822058826401926,
              51.333482815151996
            ],
            [
              3.8220634094554975,
              51.333481389302904
            ],
            [
              3.8220679393196115,
              51.33347989824522
            ],
            [
              3.822072413630326,
              51.333478342757104
            ],
            [
              3.8220768300526804,
              51.33347672365031
            ],
            [
              3.8220811862819315,
              51.333475041769745
            ],
            [
              3.822085480044749,
              51.33347329799315
            ],
            [
              3.8220897091004,
              51.33347149323054
            ],
            [
              3.8220938712419206,
              51.33346962842369
            ],
            [
              3.8220979642972672,
              51.333467704545775
            ],
            [
              3.8221019861304515,
              51.3334657226009
            ],
            [
              3.822105934642652,
              51.333463683623194
            ],
            [
              3.8221098077733178,
              51.333461588676805
            ],
            [
              3.822113603501224,
              51.333459438855
            ],
            [
              3.822117319845553,
              51.33345723527967
            ],
            [
              3.822117319845553,
              51.33345723527967
            ],
            [
              3.822118423768622,
              51.33345657422297
            ],
            [
              3.8221195208500505,
              51.33345590871178
            ],
            [
              3.8221206110440336,
              51.333455238773944
            ],
            [
              3.8221216943050567,
              51.333454564437304
            ],
            [
              3.822122770587896,
              51.33345388573021
            ],
            [
              3.8221238398476123,
              51.33345320268079
            ],
            [
              3.822124902039565,
              51.33345251531769
            ],
            [
              3.822125957119408,
              51.333451823669584
            ],
            [
              3.8221270050430918,
              51.33345112776532
            ],
            [
              3.8221280457668643,
              51.33345042763403
            ],
            [
              3.8221290792472753,
              51.333449723304845
            ],
            [
              3.8221301054411794,
              51.333449014807194
            ],
            [
              3.8221311243057277,
              51.3334483021707
            ],
            [
              3.8221321357983866,
              51.33344758542511
            ],
            [
              3.8221331398769256,
              51.333446864600305
            ],
            [
              3.822134136499423,
              51.33344613972643
            ],
            [
              3.8221351256242704,
              51.33344541083372
            ],
            [
              3.8221361072101727,
              51.333444677952606
            ],
            [
              3.822137081216146,
              51.33344394111368
            ],
            [
              3.822138047601525,
              51.33344320034774
            ],
            [
              3.8221390063259673,
              51.3334424556857
            ],
            [
              3.822139957349443,
              51.333441707158606
            ],
            [
              3.8221409006322484,
              51.33344095479777
            ],
            [
              3.8221418361349997,
              51.33344019863455
            ],
            [
              3.8221427638186416,
              51.33343943870054
            ],
            [
              3.8221436836444402,
              51.33343867502753
            ],
            [
              3.822144595573996,
              51.33343790764731
            ],
            [
              3.822145499569232,
              51.33343713659191
            ],
            [
              3.8221463955924126,
              51.333436361893625
            ],
            [
              3.82214728360612,
              51.333435583584716
            ],
            [
              3.8221481635732886,
              51.333434801697706
            ],
            [
              3.8221490354571754,
              51.33343401626524
            ],
            [
              3.8221498992213787,
              51.33343322732009
            ],
            [
              3.8221507548298397,
              51.33343243489524
            ],
            [
              3.8221516022468314,
              51.33343163902371
            ],
            [
              3.8221524414369776,
              51.33343083973875
            ],
            [
              3.822153272365242,
              51.3334300370738
            ],
            [
              3.8221540949969364,
              51.333429231062276
            ],
            [
              3.82215490929771,
              51.333428421737864
            ],
            [
              3.8221557152335683,
              51.33342760913436
            ],
            [
              3.822156512770866,
              51.33342679328569
            ],
            [
              3.8221573018763015,
              51.3334259742259
            ],
            [
              3.822158082516931,
              51.3334251519892
            ],
            [
              3.8221588546601675,
              51.33342432660996
            ],
            [
              3.8221596182737705,
              51.333423498122556
            ],
            [
              3.822160373325859,
              51.33342266656164
            ],
            [
              3.8221611197849095,
              51.333421831961886
            ],
            [
              3.822161857619759,
              51.33342099435818
            ],
            [
              3.8221625867996023,
              51.333420153785475
            ],
            [
              3.8221633072939953,
              51.33341931027888
            ],
            [
              3.82216401907286,
              51.33341846387357
            ],
            [
              3.8221647221064763,
              51.333417614604926
            ],
            [
              3.822165416365496,
              51.33341676250834
            ],
            [
              3.822166101820933,
              51.333415907619504
            ],
            [
              3.82216677844417,
              51.33341504997402
            ],
            [
              3.8221674462069557,
              51.333414189607716
            ],
            [
              3.822168105081416,
              51.333413326556474
            ],
            [
              3.822168755040039,
              51.33341246085643
            ],
            [
              3.8221693960556893,
              51.33341159254364
            ],
            [
              3.822170028101608,
              51.333410721654374
            ],
            [
              3.822170651151404,
              51.33340984822501
            ],
            [
              3.8221712651790676,
              51.333408972292
            ],
            [
              3.822171870158963,
              51.333408093891876
            ],
            [
              3.8221724660658323,
              51.33340721306143
            ],
            [
              3.8221730528747955,
              51.33340632983731
            ],
            [
              3.822173630561354,
              51.333405444256464
            ],
            [
              3.822174199101391,
              51.333404556355816
            ],
            [
              3.8221747584711685,
              51.333403666172465
            ],
            [
              3.8221753086473362,
              51.333402773743565
            ],
            [
              3.822175849606923,
              51.33340187910642
            ],
            [
              3.822176381327343,
              51.333400982298286
            ],
            [
              3.8221769037863975,
              51.33340008335675
            ],
            [
              3.822177416962275,
              51.3333991823192
            ],
            [
              3.822177920833551,
              51.333398279223324
            ],
            [
              3.8221784153791867,
              51.33339737410679
            ],
            [
              3.8221789005785403,
              51.33339646700745
            ],
            [
              3.8221793764113494,
              51.33339555796312
            ],
            [
              3.82217984285775,
              51.333394647011765
            ],
            [
              3.8221802998982737,
              51.33339373419143
            ],
            [
              3.8221807475138316,
              51.333392819540215
            ],
            [
              3.822181185685743,
              51.3333919030963
            ],
            [
              3.8221816143957086,
              51.333390984897974
            ],
            [
              3.822182033625833,
              51.33339006498359
            ],
            [
              3.822182443358614,
              51.33338914339142
            ],
            [
              3.822182843576946,
              51.33338822016011
            ],
            [
              3.8221832342641195,
              51.33338729532813
            ],
            [
              3.8221836154038242,
              51.3333863689341
            ],
            [
              3.822183986980147,
              51.333385441016695
            ],
            [
              3.8221843489775766,
              51.33338451161465
            ],
            [
              3.822184701380998,
              51.33338358076679
            ],
            [
              3.8221850441757015,
              51.333382648511936
            ],
            [
              3.822185377347374,
              51.33338171488904
            ],
            [
              3.822185700882105,
              51.333380779937094
            ],
            [
              3.822186014766391,
              51.333379843695106
            ],
            [
              3.8221863189871246,
              51.333378906202164
            ],
            [
              3.82218661353161,
              51.333377967497434
            ],
            [
              3.8221868983875424,
              51.333377027620045
            ],
            [
              3.8221871735430355,
              51.33337608660938
            ],
            [
              3.8221874389866004,
              51.33337514450456
            ],
            [
              3.8221874389866004,
              51.33337514450456
            ],
            [
              3.8221877027942712,
              51.33337387285854
            ],
            [
              3.8221879493777284,
              51.33337259985687
            ],
            [
              3.8221881787192347,
              51.33337132559102
            ],
            [
              3.822188390802301,
              51.333370050152695
            ],
            [
              3.8221885856116766,
              51.333368773633524
            ],
            [
              3.8221887631333518,
              51.33336749612544
            ],
            [
              3.8221889233545636,
              51.333366217720204
            ],
            [
              3.8221890662637885,
              51.33336493850982
            ],
            [
              3.8221891918507533,
              51.33336365858625
            ],
            [
              3.8221893001064258,
              51.33336237804153
            ],
            [
              3.822189391023023,
              51.33336109696781
            ],
            [
              3.822189464594008,
              51.33335981545716
            ],
            [
              3.822189520814093,
              51.33335853360175
            ],
            [
              3.822189559679232,
              51.3333572514938
            ],
            [
              3.822189581186634,
              51.33335596922549
            ],
            [
              3.822189585334756,
              51.33335468688899
            ],
            [
              3.822189572123298,
              51.333353404576634
            ],
            [
              3.8221895415532128,
              51.333352122380504
            ],
            [
              3.822189493626698,
              51.33335084039289
            ],
            [
              3.822189428347206,
              51.333349558705976
            ],
            [
              3.822189345719432,
              51.33334827741195
            ],
            [
              3.822189245749316,
              51.333346996602955
            ],
            [
              3.822189128444051,
              51.333345716371035
            ],
            [
              3.8221889938120754,
              51.333344436808325
            ],
            [
              3.8221888418630714,
              51.33334315800684
            ],
            [
              3.8221886726079717,
              51.333341880058526
            ],
            [
              3.8221884860589395,
              51.33334060305528
            ],
            [
              3.822188282229407,
              51.33333932708898
            ],
            [
              3.8221880611340233,
              51.33333805225132
            ],
            [
              3.8221878227886923,
              51.3333367786341
            ],
            [
              3.8221875672105576,
              51.333335506328744
            ],
            [
              3.822187294418001,
              51.33333423542692
            ],
            [
              3.822187004430642,
              51.33333296601991
            ],
            [
              3.8221866972693315,
              51.33333169819904
            ],
            [
              3.822186372956167,
              51.33333043205547
            ],
            [
              3.822186031514471,
              51.33332916768029
            ],
            [
              3.8221856729687964,
              51.3333279051644
            ],
            [
              3.8221852973449346,
              51.333326644598614
            ],
            [
              3.8221849046699004,
              51.33332538607356
            ],
            [
              3.822184494971929,
              51.33332412967978
            ],
            [
              3.8221840682804893,
              51.33332287550759
            ],
            [
              3.822183624626268,
              51.333321623647244
            ],
            [
              3.822183164041173,
              51.33332037418866
            ],
            [
              3.8221826865583255,
              51.33331912722183
            ],
            [
              3.8221821922120696,
              51.33331788283631
            ],
            [
              3.8221816810379536,
              51.3333166411217
            ],
            [
              3.822181153072743,
              51.33331540216716
            ],
            [
              3.822180608354408,
              51.33331416606191
            ],
            [
              3.822180046922121,
              51.33331293289483
            ],
            [
              3.8221794688162607,
              51.33331170275457
            ],
            [
              3.8221788740784017,
              51.33331047572956
            ],
            [
              3.822178262751319,
              51.33330925190813
            ],
            [
              3.822177634878976,
              51.33330803137822
            ],
            [
              3.822176990506527,
              51.33330681422767
            ],
            [
              3.8221763296803126,
              51.333305600543966
            ],
            [
              3.8221756524478616,
              51.333304390414426
            ],
            [
              3.8221749588578744,
              51.333303183926
            ],
            [
              3.8221742489602346,
              51.33330198116549
            ],
            [
              3.822173522805996,
              51.33330078221949
            ],
            [
              3.822172780447379,
              51.33329958717406
            ],
            [
              3.8221720219377735,
              51.33329839611522
            ],
            [
              3.822171247331731,
              51.33329720912865
            ],
            [
              3.822170456684954,
              51.3332960262997
            ],
            [
              3.822169650054309,
              51.333294847713404
            ],
            [
              3.822168827497803,
              51.33329367345454
            ],
            [
              3.8221679890745888,
              51.33329250360757
            ],
            [
              3.8221671348449693,
              51.333291338256565
            ],
            [
              3.822166264870371,
              51.33329017748542
            ],
            [
              3.8221653792133656,
              51.33328902137753
            ],
            [
              3.822164477937645,
              51.3332878700161
            ],
            [
              3.822163561108023,
              51.333286723483894
            ],
            [
              3.8221626287904367,
              51.33328558186335
            ],
            [
              3.8221616810519357,
              51.333284445236615
            ],
            [
              3.822160717960675,
              51.3332833136854
            ],
            [
              3.8221597395859193,
              51.33328218729111
            ],
            [
              3.822158745998033,
              51.33328106613469
            ],
            [
              3.8221577372684616,
              51.33327995029681
            ],
            [
              3.8221567134697576,
              51.333278839857726
            ],
            [
              3.822155674675545,
              51.33327773489725
            ],
            [
              3.822154620960532,
              51.333276635494926
            ],
            [
              3.8221535524004993,
              51.33327554172973
            ],
            [
              3.8221524690722872,
              51.33327445368036
            ],
            [
              3.822151371053808,
              51.333273371425065
            ],
            [
              3.8221502584240272,
              51.33327229504165
            ],
            [
              3.822149131262963,
              51.333271224607586
            ],
            [
              3.8221479896516724,
              51.33327016019977
            ],
            [
              3.822146833672258,
              51.33326910189484
            ],
            [
              3.8221456634078526,
              51.333268049768826
            ],
            [
              3.8221444789426138,
              51.33326700389739
            ],
            [
              3.822143280361729,
              51.3332659643558
            ],
            [
              3.8221420677513924,
              51.33326493121879
            ],
            [
              3.822140841198808,
              51.333263904560695
            ],
            [
              3.8221396007921866,
              51.333262884455266
            ],
            [
              3.8221383466207324,
              51.33326187097592
            ],
            [
              3.822137078774644,
              51.33326086419552
            ],
            [
              3.8221357973450925,
              51.33325986418651
            ],
            [
              3.8221345024242357,
              51.33325887102076
            ],
            [
              3.8221331941052035,
              51.33325788476969
            ],
            [
              3.8221318724820774,
              51.333256905504264
            ],
            [
              3.8221318724820774,
              51.333256905504264
            ],
            [
              3.822130552731349,
              51.33325606308024
            ],
            [
              3.822129222698436,
              51.333255227026044
            ],
            [
              3.822127882461682,
              51.333254397390974
            ],
            [
              3.8221265321000284,
              51.333253574223924
            ],
            [
              3.8221251716930236,
              51.33325275757331
            ],
            [
              3.822123801320796,
              51.333251947487305
            ],
            [
              3.8221224210640714,
              51.333251144013616
            ],
            [
              3.8221210310041482,
              51.333250347199495
            ],
            [
              3.8221196312229098,
              51.333249557091996
            ],
            [
              3.8221182218028082,
              51.33324877373758
            ],
            [
              3.822116802826865,
              51.33324799718242
            ],
            [
              3.8221153743786616,
              51.33324722747221
            ],
            [
              3.8221139365423413,
              51.33324646465232
            ],
            [
              3.822112489402597,
              51.33324570876771
            ],
            [
              3.8221110330446746,
              51.33324495986291
            ],
            [
              3.8221095675543557,
              51.33324421798199
            ],
            [
              3.8221080930179667,
              51.33324348316865
            ],
            [
              3.822106609522363,
              51.333242755466216
            ],
            [
              3.8221051171549276,
              51.33324203491751
            ],
            [
              3.822103616003568,
              51.333241321565005
            ],
            [
              3.822102106156706,
              51.33324061545066
            ],
            [
              3.822100587703282,
              51.333239916616165
            ],
            [
              3.8220990607327363,
              51.33323922510261
            ],
            [
              3.822097525335014,
              51.33323854095075
            ],
            [
              3.8220959816005546,
              51.333237864200896
            ],
            [
              3.8220944296202943,
              51.33323719489289
            ],
            [
              3.8220928694856484,
              51.33323653306617
            ],
            [
              3.8220913012885127,
              51.3332358787597
            ],
            [
              3.822089725121266,
              51.33323523201211
            ],
            [
              3.8220881410767458,
              51.333234592861295
            ],
            [
              3.8220865492482625,
              51.33323396134512
            ],
            [
              3.8220849497295792,
              51.33323333750072
            ],
            [
              3.8220833426149134,
              51.33323272136476
            ],
            [
              3.82208172799893,
              51.33323211297361
            ],
            [
              3.822080105976739,
              51.333231512363085
            ],
            [
              3.822078476643883,
              51.333230919568564
            ],
            [
              3.8220768400963343,
              51.33323033462498
            ],
            [
              3.822075196430494,
              51.333229757566755
            ],
            [
              3.8220735457431774,
              51.333229188427914
            ],
            [
              3.8220718881316214,
              51.333228627241965
            ],
            [
              3.822070223693463,
              51.333228074041934
            ],
            [
              3.8220685525267433,
              51.3332275288605
            ],
            [
              3.822066874729902,
              51.33322699172967
            ],
            [
              3.822065190401767,
              51.33322646268113
            ],
            [
              3.822063499641551,
              51.33322594174603
            ],
            [
              3.8220618025488506,
              51.33322542895509
            ],
            [
              3.8220600992236267,
              51.33322492433849
            ],
            [
              3.8220583897662133,
              51.33322442792597
            ],
            [
              3.8220566742773014,
              51.333223939746716
            ],
            [
              3.822054952857944,
              51.33322345982955
            ],
            [
              3.822053225609539,
              51.3332229882027
            ],
            [
              3.8220514926338254,
              51.333222524893955
            ],
            [
              3.8220497540328835,
              51.33322206993064
            ],
            [
              3.8220480099091234,
              51.3332216233395
            ],
            [
              3.8220462603652803,
              51.33322118514687
            ],
            [
              3.8220445055044108,
              51.33322075537854
            ],
            [
              3.8220427454298784,
              51.33322033405986
            ],
            [
              3.822040980245364,
              51.33321992121562
            ],
            [
              3.8220392100548417,
              51.33321951687018
            ],
            [
              3.822037434962581,
              51.33321912104731
            ],
            [
              3.822035655073143,
              51.33321873377032
            ],
            [
              3.822033870491366,
              51.333218355062016
            ],
            [
              3.822032081322374,
              51.333217984944824
            ],
            [
              3.8220302876715526,
              51.33321762344036
            ],
            [
              3.8220284896445595,
              51.333217270570046
            ],
            [
              3.822026687347296,
              51.33321692635463
            ],
            [
              3.8220248808859347,
              51.33321659081441
            ],
            [
              3.822023070366874,
              51.33321626396909
            ],
            [
              3.8220212558967686,
              51.33321594583802
            ],
            [
              3.8220194375824903,
              51.333215636439846
            ],
            [
              3.822017615531147,
              51.33321533579281
            ],
            [
              3.8220157898500666,
              51.33321504391467
            ],
            [
              3.8220139606467862,
              51.333214760822564
            ],
            [
              3.822012128029052,
              51.33321448653322
            ],
            [
              3.822010292104817,
              51.33321422106274
            ],
            [
              3.822008452982218,
              51.33321396442679
            ],
            [
              3.8220066107695883,
              51.33321371664049
            ],
            [
              3.8220047655754428,
              51.33321347771846
            ],
            [
              3.8220029175084664,
              51.33321324767468
            ],
            [
              3.822001066677522,
              51.33321302652283
            ],
            [
              3.821999213191629,
              51.333212814275846
            ],
            [
              3.821997357159962,
              51.33321261094622
            ],
            [
              3.8219954986918507,
              51.33321241654598
            ],
            [
              3.8219936378967634,
              51.33321223108662
            ],
            [
              3.821991774884311,
              51.333212054578915
            ],
            [
              3.8219899097642296,
              51.33321188703338
            ],
            [
              3.821988042646383,
              51.333211728459865
            ],
            [
              3.821986173640751,
              51.33321157886771
            ],
            [
              3.8219843028574236,
              51.33321143826573
            ],
            [
              3.821982430406597,
              51.33321130666214
            ],
            [
              3.8219805563985694,
              51.33321118406478
            ],
            [
              3.821978680943722,
              51.333211070480864
            ],
            [
              3.821976804152528,
              51.33321096591705
            ],
            [
              3.8219749261355354,
              51.33321087037944
            ],
            [
              3.8219730470033713,
              51.333210783873774
            ],
            [
              3.8219711668667187,
              51.33321070640511
            ],
            [
              3.8219692858363254,
              51.33321063797794
            ],
            [
              3.8219674040229927,
              51.3332105785964
            ],
            [
              3.8219655215375656,
              51.33321052826393
            ],
            [
              3.8219655215375656,
              51.33321052826393
            ],
            [
              3.8219636446421124,
              51.33321053904613
            ],
            [
              3.8219617679435536,
              51.33321055920246
            ],
            [
              3.8219598915611974,
              51.33321058873174
            ],
            [
              3.821958015614332,
              51.33321062763202
            ],
            [
              3.821956140222214,
              51.333210675900794
            ],
            [
              3.821954265504071,
              51.333210733535104
            ],
            [
              3.821952391579084,
              51.33321080053121
            ],
            [
              3.821950518566381,
              51.33321087688484
            ],
            [
              3.8219486465850387,
              51.33321096259123
            ],
            [
              3.821946775754064,
              51.33321105764485
            ],
            [
              3.821944906192391,
              51.33321116203969
            ],
            [
              3.8219430380188713,
              51.333211275769074
            ],
            [
              3.821941171352272,
              51.33321139882582
            ],
            [
              3.8219393063112648,
              51.333211531202075
            ],
            [
              3.821937443014411,
              51.333211672889426
            ],
            [
              3.821935581580174,
              51.33321182387891
            ],
            [
              3.821933722126885,
              51.33321198416085
            ],
            [
              3.8219318647727554,
              51.33321215372512
            ],
            [
              3.8219300096358637,
              51.3332123325609
            ],
            [
              3.821928156834148,
              51.33321252065686
            ],
            [
              3.821926306485394,
              51.33321271800102
            ],
            [
              3.821924458707238,
              51.33321292458081
            ],
            [
              3.8219226136171423,
              51.33321314038313
            ],
            [
              3.8219207713324126,
              51.33321336539427
            ],
            [
              3.8219189319701625,
              51.333213599599915
            ],
            [
              3.8219170956473283,
              51.33321384298517
            ],
            [
              3.8219152624806543,
              51.33321409553454
            ],
            [
              3.8219134325866735,
              51.33321435723202
            ],
            [
              3.8219116060817244,
              51.33321462806092
            ],
            [
              3.821909783081919,
              51.33321490800402
            ],
            [
              3.8219079637031514,
              51.3332151970436
            ],
            [
              3.8219061480610903,
              51.33321549516123
            ],
            [
              3.8219043362711544,
              51.333215802337946
            ],
            [
              3.8219025284485317,
              51.33321611855425
            ],
            [
              3.8219007247081436,
              51.33321644379002
            ],
            [
              3.8218989251646662,
              51.333216778024564
            ],
            [
              3.821897129932497,
              51.3332171212367
            ],
            [
              3.8218953391257724,
              51.333217473404524
            ],
            [
              3.821893552858329,
              51.33321783450571
            ],
            [
              3.821891771243732,
              51.33321820451724
            ],
            [
              3.8218899943952422,
              51.33321858341567
            ],
            [
              3.8218882224258226,
              51.33321897117686
            ],
            [
              3.821886455448119,
              51.3332193677762
            ],
            [
              3.8218846935744644,
              51.333219773188425
            ],
            [
              3.821882936916867,
              51.33322018738778
            ],
            [
              3.821881185587006,
              51.33322061034794
            ],
            [
              3.821879439696212,
              51.33322104204203
            ],
            [
              3.8218776993554875,
              51.333221482442575
            ],
            [
              3.82187596467546,
              51.33322193152159
            ],
            [
              3.8218742357664155,
              51.333222389250544
            ],
            [
              3.8218725127382633,
              51.3332228556003
            ],
            [
              3.821870795700545,
              51.333223330541244
            ],
            [
              3.821869084762416,
              51.333223814043194
            ],
            [
              3.821867380032647,
              51.333224306075365
            ],
            [
              3.8218656816196113,
              51.33322480660652
            ],
            [
              3.8218639896312854,
              51.33322531560478
            ],
            [
              3.821862304175229,
              51.33322583303786
            ],
            [
              3.821860625358601,
              51.33322635887284
            ],
            [
              3.8218589532881224,
              51.333226893076244
            ],
            [
              3.821857288070091,
              51.333227435614184
            ],
            [
              3.8218556298103756,
              51.33322798645211
            ],
            [
              3.821853978614394,
              51.33322854555506
            ],
            [
              3.8218523345871196,
              51.333229112887466
            ],
            [
              3.821850697833065,
              51.33322968841323
            ],
            [
              3.8218490684562885,
              51.33323027209576
            ],
            [
              3.8218474465603745,
              51.33323086389801
            ],
            [
              3.82184583224843,
              51.3332314637823
            ],
            [
              3.8218442256230807,
              51.33323207171057
            ],
            [
              3.82184262678647,
              51.33323268764409
            ],
            [
              3.821841035840238,
              51.33323331154372
            ],
            [
              3.821839452885528,
              51.33323394336984
            ],
            [
              3.821837878022972,
              51.333234583082216
            ],
            [
              3.82183631135269,
              51.33323523064024
            ],
            [
              3.821834752974282,
              51.33323588600273
            ],
            [
              3.821833202986819,
              51.333236549128
            ],
            [
              3.821831661488836,
              51.333237219973874
            ],
            [
              3.821830128578334,
              51.33323789849777
            ],
            [
              3.8218286043527634,
              51.333238584656534
            ],
            [
              3.8218270889090284,
              51.33323927840654
            ],
            [
              3.8218255823434664,
              51.3332399797036
            ],
            [
              3.821824084751858,
              51.33324068850325
            ],
            [
              3.8218225962294072,
              51.33324140476042
            ],
            [
              3.8218211168707463,
              51.333242128429475
            ],
            [
              3.8218196467699257,
              51.33324285946452
            ],
            [
              3.8218181860204,
              51.33324359781901
            ],
            [
              3.821816734715039,
              51.333244343446026
            ],
            [
              3.8218152929461033,
              51.33324509629823
            ],
            [
              3.821813860805253,
              51.33324585632761
            ],
            [
              3.8218124383835335,
              51.333246623485955
            ],
            [
              3.821811025771374,
              51.333247397724506
            ],
            [
              3.821809623058579,
              51.33324817899402
            ],
            [
              3.821808230334326,
              51.33324896724482
            ],
            [
              3.8218068476871516,
              51.33324976242675
            ],
            [
              3.8218054752049566,
              51.33325056448935
            ],
            [
              3.8218041129749976,
              51.3332513733816
            ],
            [
              3.821802761083871,
              51.33325218905202
            ],
            [
              3.821801419617527,
              51.3332530114488
            ],
            [
              3.821800088661245,
              51.333253840519674
            ],
            [
              3.821798768299641,
              51.33325467621192
            ]
          ]
        ]
      }
    }
  ],
  "note": "BGT rijbaan lokale weg ring (~42×42 m) coinciding with NWB NRB cluster at Kennedylaan. The Nieuwe–Oost roundabout is recorded as NWB NRB centerlines; no equally clear BGT ring was selected there (not invented)."
}
