{
  "type": "FeatureCollection",
  "name": "water-bgt",
  "groundTruth": true,
  "crs": {
    "type": "name",
    "properties": {
      "name": "urn:ogc:def:crs:OGC:1.3:CRS84"
    }
  },
  "source": {
    "name": "Basisregistratie Grootschalige Topografie (PDOK OGC API Features)",
    "url": "https://api.pdok.nl/lv/bgt/ogc/v1",
    "license": "CC0 1.0",
    "retrievedAt": "2026-09-14T08:58:37Z",
    "datetimeFilter": "2026-09-14T08:58:37Z",
    "note": "Current objects only (status=bestaand, no eind_registratie). waterdeel, overbruggingsdeel, kunstwerkdeel_vlak, wegdeel."
  },
  "generatedAt": "2026-09-14T08:58:37Z",
  "featureCount": 84,
  "features": [
    {
      "type": "Feature",
      "properties": {
        "kind": "water",
        "bgtType": "waterloop",
        "bgtPlusType": "sloot",
        "bgtLokaalId": "W0661.8abeacd5439b75760000000a09131913",
        "bgtStatus": "bestaand",
        "bronhouder": "W0661",
        "lvPublicatiedatum": "2016-11-22T13:34:10Z",
        "_source": "bgt",
        "_retrievedAt": "2026-09-14T08:58:37Z"
      },
      "geometry": {
        "type": "Polygon",
        "coordinates": [
          [
            [
              3.8224094768955723,
              51.3345212976376
            ],
            [
              3.8224425542666465,
              51.334516365938896
            ],
            [
              3.8224893683049745,
              51.334518918785946
            ],
            [
              3.822524589954393,
              51.334528067477954
            ],
            [
              3.8225473367859717,
              51.33454401593411
            ],
            [
              3.8225478866444154,
              51.334592929740964
            ],
            [
              3.822533807607318,
              51.33465580650313
            ],
            [
              3.8225150506524797,
              51.33471907891508
            ],
            [
              3.8225207089624424,
              51.33474873252847
            ],
            [
              3.8225448559497974,
              51.3348017571954
            ],
            [
              3.8225666942247427,
              51.3348404744818
            ],
            [
              3.822549521608884,
              51.33488807138056
            ],
            [
              3.822502938427126,
              51.33491397548963
            ],
            [
              3.822472109826609,
              51.33493160454269
            ],
            [
              3.8224409635624137,
              51.334958929692526
            ],
            [
              3.8224185168505143,
              51.334979898808825
            ],
            [
              3.8224030852722417,
              51.33499759985741
            ],
            [
              3.8223826206466645,
              51.335052893023025
            ],
            [
              3.822370898832338,
              51.335095537638814
            ],
            [
              3.8223411207608167,
              51.335155830049075
            ],
            [
              3.8222988242742284,
              51.335206163975414
            ],
            [
              3.8222336506869374,
              51.335272004164906
            ],
            [
              3.8222006221634692,
              51.33530985839895
            ],
            [
              3.822130737194409,
              51.33537999544836
            ],
            [
              3.822112128496772,
              51.33540245450729
            ],
            [
              3.822107138563975,
              51.335407350015764
            ],
            [
              3.8220960656596588,
              51.335409664518146
            ],
            [
              3.8220845335202767,
              51.33540611126956
            ],
            [
              3.822074187652857,
              51.335399769034204
            ],
            [
              3.82207425827698,
              51.335393935375116
            ],
            [
              3.8221568319057395,
              51.33527849668088
            ],
            [
              3.8222356077413244,
              51.33517336355447
            ],
            [
              3.8222769540032173,
              51.33512563301677
            ],
            [
              3.8223126465060377,
              51.33503512328218
            ],
            [
              3.8223159818992034,
              51.33499555749271
            ],
            [
              3.8223247193708096,
              51.33493277080602
            ],
            [
              3.822343382302289,
              51.33489740258726
            ],
            [
              3.8223514435023462,
              51.33484514326923
            ],
            [
              3.822357547776483,
              51.334759081660174
            ],
            [
              3.8223562346879962,
              51.334671688739974
            ],
            [
              3.822360122395046,
              51.33461682913308
            ],
            [
              3.822377968734577,
              51.33455584598792
            ],
            [
              3.8223962447195325,
              51.334525066530134
            ],
            [
              3.8224027415296526,
              51.33452184544405
            ],
            [
              3.8224094768955723,
              51.3345212976376
            ]
          ]
        ]
      }
    },
    {
      "type": "Feature",
      "properties": {
        "kind": "water",
        "bgtType": "waterloop",
        "bgtPlusType": null,
        "bgtLokaalId": "L0002.086d78da98a94cc7b9bd2edb86d387a9",
        "bgtStatus": "bestaand",
        "bronhouder": "L0002",
        "lvPublicatiedatum": "2020-11-22T10:43:13Z",
        "_source": "bgt",
        "_retrievedAt": "2026-09-14T08:58:37Z"
      },
      "geometry": {
        "type": "Polygon",
        "coordinates": [
          [
            [
              3.820046122918688,
              51.33492800625381
            ],
            [
              3.8198789660591292,
              51.33487571768647
            ],
            [
              3.8198817312682363,
              51.33487501770602
            ],
            [
              3.819882785359373,
              51.33487357548605
            ],
            [
              3.819893970409344,
              51.334824468944426
            ],
            [
              3.819892410728082,
              51.33482265891452
            ],
            [
              3.8200756272771197,
              51.33480128246416
            ],
            [
              3.8202377695640304,
              51.33485290094223
            ],
            [
              3.8202356076131663,
              51.334853168529904
            ],
            [
              3.820234576678042,
              51.3348547728873
            ],
            [
              3.82022332940292,
              51.3349048675381
            ],
            [
              3.8202239034202834,
              51.33490612489263
            ],
            [
              3.8202268931198566,
              51.33490683038853
            ],
            [
              3.8202233316672953,
              51.33490731289064
            ],
            [
              3.820046122918688,
              51.33492800625381
            ]
          ]
        ]
      }
    },
    {
      "type": "Feature",
      "properties": {
        "kind": "water",
        "bgtType": "waterloop",
        "bgtPlusType": null,
        "bgtLokaalId": "L0002.265804b1fd5e446d90eaab77ded72a7b",
        "bgtStatus": "bestaand",
        "bronhouder": "L0002",
        "lvPublicatiedatum": "2020-11-22T10:43:13Z",
        "_source": "bgt",
        "_retrievedAt": "2026-09-14T08:58:37Z"
      },
      "geometry": {
        "type": "Polygon",
        "coordinates": [
          [
            [
              3.8164749400332547,
              51.329539849326494
            ],
            [
              3.816448511857268,
              51.32957520179965
            ],
            [
              3.815927535169349,
              51.329413030495076
            ],
            [
              3.8159429189923464,
              51.32940299826087
            ],
            [
              3.815948605387716,
              51.32939579294962
            ],
            [
              3.8164749400332547,
              51.329539849326494
            ]
          ]
        ]
      }
    },
    {
      "type": "Feature",
      "properties": {
        "kind": "water",
        "bgtType": "waterloop",
        "bgtPlusType": null,
        "bgtLokaalId": "L0002.3aa6b0631d17460bae74eb345abe8c72",
        "bgtStatus": "bestaand",
        "bronhouder": "L0002",
        "lvPublicatiedatum": "2020-11-22T10:43:13Z",
        "_source": "bgt",
        "_retrievedAt": "2026-09-14T08:58:37Z"
      },
      "geometry": {
        "type": "Polygon",
        "coordinates": [
          [
            [
              3.8204345307912773,
              51.33324545628632
            ],
            [
              3.820439829001393,
              51.333247055888755
            ],
            [
              3.8205781669855785,
              51.33329085591686
            ],
            [
              3.820600854537411,
              51.33329802957762
            ],
            [
              3.8205971506479415,
              51.33329764711917
            ],
            [
              3.820584583572912,
              51.33334858710255
            ],
            [
              3.820590153075566,
              51.3333493902235
            ],
            [
              3.8205639740740733,
              51.33335238241061
            ],
            [
              3.8204115088004578,
              51.33336985800294
            ],
            [
              3.8204057047586124,
              51.33337045418233
            ],
            [
              3.8202350622499814,
              51.33331701339179
            ],
            [
              3.820237989057159,
              51.33331745732769
            ],
            [
              3.8202417140314626,
              51.333316806213396
            ],
            [
              3.8202433049920668,
              51.33331519141074
            ],
            [
              3.820251463326308,
              51.33328443797347
            ],
            [
              3.820254523945966,
              51.33326925881935
            ],
            [
              3.8202531176090284,
              51.33326716317202
            ],
            [
              3.820250437265681,
              51.33326622809393
            ],
            [
              3.8202467270841933,
              51.33326644788006
            ],
            [
              3.8204345307912773,
              51.33324545628632
            ]
          ]
        ]
      }
    },
    {
      "type": "Feature",
      "properties": {
        "kind": "water",
        "bgtType": "waterloop",
        "bgtPlusType": null,
        "bgtLokaalId": "L0002.45294d13e2b44de3a145706da00e37e8",
        "bgtStatus": "bestaand",
        "bronhouder": "L0002",
        "lvPublicatiedatum": "2020-11-22T10:43:13Z",
        "_source": "bgt",
        "_retrievedAt": "2026-09-14T08:58:37Z"
      },
      "geometry": {
        "type": "Polygon",
        "coordinates": [
          [
            [
              3.8178285402184566,
              51.327017397749465
            ],
            [
              3.817844626226623,
              51.32700735675711
            ],
            [
              3.8179087926075614,
              51.32692680656431
            ],
            [
              3.8179119403716304,
              51.32691369637611
            ],
            [
              3.818431417264627,
              51.32707587477395
            ],
            [
              3.8183550340586296,
              51.3271729104418
            ],
            [
              3.8183502031794947,
              51.327179039581154
            ],
            [
              3.8178285402184566,
              51.327017397749465
            ]
          ]
        ]
      }
    },
    {
      "type": "Feature",
      "properties": {
        "kind": "water",
        "bgtType": "waterloop",
        "bgtPlusType": null,
        "bgtLokaalId": "L0002.8e81dcbd507b4464a5c57232d863263d",
        "bgtStatus": "bestaand",
        "bronhouder": "L0002",
        "lvPublicatiedatum": "2020-11-22T10:43:13Z",
        "_source": "bgt",
        "_retrievedAt": "2026-09-14T08:58:37Z"
      },
      "geometry": {
        "type": "Polygon",
        "coordinates": [
          [
            [
              3.8201029933588337,
              51.33392076830948
            ],
            [
              3.820428885311162,
              51.334018812355275
            ],
            [
              3.820386314368359,
              51.334199355309
            ],
            [
              3.8203285890666945,
              51.334449763636286
            ],
            [
              3.8202931359350356,
              51.33460351276642
            ],
            [
              3.820266849297765,
              51.334718871390365
            ],
            [
              3.820293133130095,
              51.33472079828779
            ],
            [
              3.8202650185749634,
              51.33484342333452
            ],
            [
              3.820261926279623,
              51.33484571018074
            ],
            [
              3.820260495601181,
              51.33484892738804
            ],
            [
              3.8202588654576575,
              51.3348516834138
            ],
            [
              3.820259864891921,
              51.3348493234594
            ],
            [
              3.820259332197073,
              51.33484769806467
            ],
            [
              3.8202577894828833,
              51.33484622989393
            ],
            [
              3.82025425956174,
              51.334844537203736
            ],
            [
              3.8202499381889883,
              51.33484290578639
            ],
            [
              3.8202482344608892,
              51.33484194788806
            ],
            [
              3.8202469661550342,
              51.33484042946819
            ],
            [
              3.82024393941384,
              51.33483913012423
            ],
            [
              3.820079775661428,
              51.33478577632478
            ],
            [
              3.8200475998510868,
              51.33478951480697
            ],
            [
              3.819897997365212,
              51.334806228169604
            ],
            [
              3.8198925932591647,
              51.33480687465795
            ],
            [
              3.8198884210510364,
              51.33480926383379
            ],
            [
              3.819885746092531,
              51.33481026170408
            ],
            [
              3.8198795489931507,
              51.33481101439225
            ],
            [
              3.8198758100531394,
              51.334812905949626
            ],
            [
              3.819874446730613,
              51.3348154138366
            ],
            [
              3.8198741576316046,
              51.334810033833094
            ],
            [
              3.819870294089661,
              51.33480844452327
            ],
            [
              3.8198994024395705,
              51.33468616557154
            ],
            [
              3.819919099786413,
              51.334687644311714
            ],
            [
              3.819923351672423,
              51.334687953253685
            ],
            [
              3.8199257725854503,
              51.334687248639106
            ],
            [
              3.819937870716573,
              51.33463453134836
            ],
            [
              3.8199946774145843,
              51.33439298411699
            ],
            [
              3.820056811256833,
              51.33412162526637
            ],
            [
              3.8201029933588337,
              51.33392076830948
            ]
          ]
        ]
      }
    },
    {
      "type": "Feature",
      "properties": {
        "kind": "water",
        "bgtType": "waterloop",
        "bgtPlusType": null,
        "bgtLokaalId": "L0002.9a0730fb0f4448bb8d23a6bc591e556e",
        "bgtStatus": "bestaand",
        "bronhouder": "L0002",
        "lvPublicatiedatum": "2020-11-22T11:28:58Z",
        "_source": "bgt",
        "_retrievedAt": "2026-09-14T08:58:37Z"
      },
      "geometry": {
        "type": "Polygon",
        "coordinates": [
          [
            [
              3.8201029933588337,
              51.33392076830948
            ],
            [
              3.8201152708473085,
              51.33386615649303
            ],
            [
              3.820152971698552,
              51.3337025215142
            ],
            [
              3.8201746991612064,
              51.333613388784286
            ],
            [
              3.820212442811115,
              51.3334614685367
            ],
            [
              3.8202132045455524,
              51.33345599479084
            ],
            [
              3.820211550030118,
              51.33345402166602
            ],
            [
              3.8202080981395365,
              51.333452986304536
            ],
            [
              3.8201887694854095,
              51.33345123387425
            ],
            [
              3.8202150317524137,
              51.33333112813676
            ],
            [
              3.820218127591402,
              51.33332036362365
            ],
            [
              3.8202185867313285,
              51.33332287805459
            ],
            [
              3.8202197836151552,
              51.3333252226086
            ],
            [
              3.820222699711503,
              51.33332765322514
            ],
            [
              3.8202343863729507,
              51.33333170320217
            ],
            [
              3.8204028163191284,
              51.33338563565633
            ],
            [
              3.8204282764374287,
              51.33338310132214
            ],
            [
              3.820480429658115,
              51.333377231119705
            ],
            [
              3.8205882200774206,
              51.33336433282934
            ],
            [
              3.8205956076734084,
              51.333362337497555
            ],
            [
              3.820600687478893,
              51.333360679718616
            ],
            [
              3.820604536453534,
              51.333356829765656
            ],
            [
              3.8206038890883702,
              51.333359805789065
            ],
            [
              3.8206085814037216,
              51.33336359083122
            ],
            [
              3.820580589970342,
              51.33348644235552
            ],
            [
              3.820553907469503,
              51.333484024685305
            ],
            [
              3.820552718518313,
              51.33348647199413
            ],
            [
              3.8205309920638664,
              51.333579785223144
            ],
            [
              3.8204759032198297,
              51.3338178046869
            ],
            [
              3.820428885311162,
              51.334018812355275
            ],
            [
              3.8201029933588337,
              51.33392076830948
            ]
          ]
        ]
      }
    },
    {
      "type": "Feature",
      "properties": {
        "kind": "water",
        "bgtType": "waterloop",
        "bgtPlusType": null,
        "bgtLokaalId": "L0002.a7ee1190dd664e3b922a62deda292d85",
        "bgtStatus": "bestaand",
        "bronhouder": "L0002",
        "lvPublicatiedatum": "2020-11-22T11:28:58Z",
        "_source": "bgt",
        "_retrievedAt": "2026-09-14T08:58:37Z"
      },
      "geometry": {
        "type": "Polygon",
        "coordinates": [
          [
            [
              3.8177819027866793,
              51.32707638299452
            ],
            [
              3.8183027382264996,
              51.327239155631865
            ],
            [
              3.818145430016321,
              51.32743841581936
            ],
            [
              3.817923208882812,
              51.32771817103668
            ],
            [
              3.817583758939086,
              51.3281455375907
            ],
            [
              3.817062035010069,
              51.327982920649056
            ],
            [
              3.817078152518495,
              51.327973230799365
            ],
            [
              3.817324811318194,
              51.32766357266087
            ],
            [
              3.8175270160827877,
              51.32740811886768
            ],
            [
              3.817696584889702,
              51.327194128036886
            ],
            [
              3.8177793630741146,
              51.32708975309876
            ],
            [
              3.8177819027866793,
              51.32707638299452
            ]
          ]
        ]
      }
    },
    {
      "type": "Feature",
      "properties": {
        "kind": "water",
        "bgtType": "waterloop",
        "bgtPlusType": null,
        "bgtLokaalId": "L0002.bb3ed11cd98b44e18bc80c181c63abe0",
        "bgtStatus": "bestaand",
        "bronhouder": "L0002",
        "lvPublicatiedatum": "2020-11-22T11:28:58Z",
        "_source": "bgt",
        "_retrievedAt": "2026-09-14T08:58:37Z"
      },
      "geometry": {
        "type": "Polygon",
        "coordinates": [
          [
            [
              3.820008951970749,
              51.33592529641289
            ],
            [
              3.8200084192727046,
              51.33592367101704
            ],
            [
              3.820006876530657,
              51.33592220284295
            ],
            [
              3.820003346536203,
              51.33592051014494
            ],
            [
              3.8199990250711724,
              51.33591887871794
            ],
            [
              3.8199973213084992,
              51.33591792081586
            ],
            [
              3.8199960529815313,
              51.33591640239327
            ],
            [
              3.819993026176603,
              51.33591510304253
            ],
            [
              3.819828858869146,
              51.335861748877036
            ],
            [
              3.8197966822805087,
              51.335865487286476
            ],
            [
              3.8196470761797605,
              51.33588220031082
            ],
            [
              3.8196416719428887,
              51.33588284678692
            ],
            [
              3.819637269027871,
              51.335885682357386
            ],
            [
              3.8196348245957483,
              51.335886233817405
            ],
            [
              3.819629064043866,
              51.33588722611325
            ],
            [
              3.8196253990321973,
              51.33588863318999
            ],
            [
              3.8196239391097935,
              51.33589144543948
            ],
            [
              3.8196226236782063,
              51.335887534997305
            ],
            [
              3.819619797698867,
              51.33588540225529
            ],
            [
              3.819622268652022,
              51.33587403599545
            ],
            [
              3.8196479283332665,
              51.33576112337555
            ],
            [
              3.8196724649100515,
              51.33576337750718
            ],
            [
              3.8196746596052145,
              51.335762993498236
            ],
            [
              3.819675831569965,
              51.33576146296482
            ],
            [
              3.8196768850204763,
              51.3357583665493
            ],
            [
              3.8197184517055263,
              51.33557542792032
            ],
            [
              3.8197672083865655,
              51.335366128015096
            ],
            [
              3.819815070858398,
              51.3351561058354
            ],
            [
              3.819849538587771,
              51.33501273619413
            ],
            [
              3.819848943256424,
              51.33501042670262
            ],
            [
              3.819847682553343,
              51.33500994224853
            ],
            [
              3.8198252682384823,
              51.33500775267165
            ],
            [
              3.8198534266952917,
              51.33488639592282
            ],
            [
              3.819856231998778,
              51.33488536384679
            ],
            [
              3.8198582429002785,
              51.33487945740587
            ],
            [
              3.8198590364586793,
              51.33488226402351
            ],
            [
              3.819861778950536,
              51.334884737262705
            ],
            [
              3.8198674004899953,
              51.33488653902411
            ],
            [
              3.8198695185430656,
              51.334887969991875
            ],
            [
              3.8198724574151335,
              51.334890994273024
            ],
            [
              3.819877355053516,
              51.334892561538254
            ],
            [
              3.8200135705973293,
              51.334934769343526
            ],
            [
              3.8200427905101724,
              51.334943990859884
            ],
            [
              3.820224209801583,
              51.33492146621889
            ],
            [
              3.820227693194732,
              51.33492074892248
            ],
            [
              3.820229586866852,
              51.334919515778864
            ],
            [
              3.820231660728706,
              51.334918887399915
            ],
            [
              3.820236524962096,
              51.33491808079955
            ],
            [
              3.8202395499232904,
              51.33491733935464
            ],
            [
              3.820242117341017,
              51.33491571071855
            ],
            [
              3.820243518616475,
              51.334913769717836
            ],
            [
              3.820243227135169,
              51.33491850360779
            ],
            [
              3.820246574134835,
              51.334920508492615
            ],
            [
              3.8202193861230596,
              51.335044566439855
            ],
            [
              3.8201914614726453,
              51.335041934199204
            ],
            [
              3.8201802475824964,
              51.33508854111542
            ],
            [
              3.820128226566225,
              51.33531399751281
            ],
            [
              3.8200778681816296,
              51.335531969481835
            ],
            [
              3.8200296725289653,
              51.3357375011882
            ],
            [
              3.8200173694824118,
              51.33579367694002
            ],
            [
              3.8200198343076597,
              51.335794204565055
            ],
            [
              3.8200163261280395,
              51.335806105275005
            ],
            [
              3.820040747059317,
              51.33580838474296
            ],
            [
              3.8200124756116725,
              51.33592215232195
            ],
            [
              3.8200091447010194,
              51.3359230244971
            ],
            [
              3.820008951970749,
              51.33592529641289
            ]
          ]
        ]
      }
    },
    {
      "type": "Feature",
      "properties": {
        "kind": "water",
        "bgtType": "waterloop",
        "bgtPlusType": null,
        "bgtLokaalId": "L0002.bd1776f82d564556a63f1891e8106f6b",
        "bgtStatus": "bestaand",
        "bronhouder": "L0002",
        "lvPublicatiedatum": "2020-11-22T11:28:58Z",
        "_source": "bgt",
        "_retrievedAt": "2026-09-14T08:58:37Z"
      },
      "geometry": {
        "type": "Polygon",
        "coordinates": [
          [
            [
              3.8164749400332547,
              51.329539849326494
            ],
            [
              3.815948605387716,
              51.32939579294962
            ],
            [
              3.816016365354094,
              51.32931067128627
            ],
            [
              3.816254951368826,
              51.32901002240804
            ],
            [
              3.816555322651862,
              51.32863093112412
            ],
            [
              3.816824962720845,
              51.32829203327061
            ],
            [
              3.817013032800107,
              51.328055547756314
            ],
            [
              3.817015032982955,
              51.328042853644476
            ],
            [
              3.8175365427463572,
              51.32820503637699
            ],
            [
              3.817409081464877,
              51.32836484452969
            ],
            [
              3.817158168412235,
              51.328680450940716
            ],
            [
              3.816882046106454,
              51.329028009579446
            ],
            [
              3.816624890978417,
              51.32935174774017
            ],
            [
              3.8164749400332547,
              51.329539849326494
            ]
          ]
        ]
      }
    },
    {
      "type": "Feature",
      "properties": {
        "kind": "water",
        "bgtType": "waterloop",
        "bgtPlusType": null,
        "bgtLokaalId": "L0002.e9c1c312ea6148778f14747542b2bc88",
        "bgtStatus": "bestaand",
        "bronhouder": "L0002",
        "lvPublicatiedatum": "2020-11-22T11:28:58Z",
        "_source": "bgt",
        "_retrievedAt": "2026-09-14T08:58:37Z"
      },
      "geometry": {
        "type": "Polygon",
        "coordinates": [
          [
            [
              3.8161634389499097,
              51.329935269278025
            ],
            [
              3.815642135473232,
              51.32977291251584
            ],
            [
              3.815659643259935,
              51.32976288200941
            ],
            [
              3.8157087589535816,
              51.32969917521489
            ],
            [
              3.8158496520977323,
              51.329521282064896
            ],
            [
              3.8158784935457666,
              51.329485036298394
            ],
            [
              3.815881483412779,
              51.32947111491411
            ],
            [
              3.816401608286304,
              51.32963386828104
            ],
            [
              3.8163633699283053,
              51.32968216010508
            ],
            [
              3.8162233174449085,
              51.329860271975654
            ],
            [
              3.8161634389499097,
              51.329935269278025
            ]
          ]
        ]
      }
    },
    {
      "type": "Feature",
      "properties": {
        "kind": "water",
        "bgtType": "waterloop",
        "bgtPlusType": null,
        "bgtLokaalId": "L0002.2aa91240a14a4c61a14d5c0317a84f76",
        "bgtStatus": "bestaand",
        "bronhouder": "L0002",
        "lvPublicatiedatum": "2021-01-08T14:00:38Z",
        "_source": "bgt",
        "_retrievedAt": "2026-09-14T08:58:37Z"
      },
      "geometry": {
        "type": "Polygon",
        "coordinates": [
          [
            [
              3.817913631694399,
              51.326840188633014
            ],
            [
              3.8178671948876803,
              51.326899608141325
            ],
            [
              3.8178615304533388,
              51.326897832665345
            ],
            [
              3.8178533105487507,
              51.326896094672
            ],
            [
              3.817847652418723,
              51.32689706127973
            ],
            [
              3.817834926397842,
              51.32690035099055
            ],
            [
              3.8177984383191736,
              51.32688899913711
            ],
            [
              3.8177995643110436,
              51.32688754891546
            ],
            [
              3.8177915222908476,
              51.32687854027376
            ],
            [
              3.8177696014517792,
              51.32687170899917
            ],
            [
              3.817753266030733,
              51.32687229795895
            ],
            [
              3.8177516429718232,
              51.326874433723596
            ],
            [
              3.817354249232211,
              51.32675084764533
            ],
            [
              3.8173356957892945,
              51.326736635807784
            ],
            [
              3.81726655994707,
              51.32671577258696
            ],
            [
              3.81727136038437,
              51.326709697022125
            ],
            [
              3.8172726456676465,
              51.326709876172444
            ],
            [
              3.817274452695439,
              51.32670948698611
            ],
            [
              3.8172759589987226,
              51.32670866221779
            ],
            [
              3.817276532103899,
              51.32670785183917
            ],
            [
              3.8172762739526642,
              51.326707012273765
            ],
            [
              3.817274821512085,
              51.32670585094217
            ],
            [
              3.817270865443194,
              51.32670405351729
            ],
            [
              3.8172217665535735,
              51.3266884679144
            ],
            [
              3.8172553693002995,
              51.32664594795512
            ],
            [
              3.8173049440941424,
              51.32666104550085
            ],
            [
              3.8173096200857946,
              51.32666193563333
            ],
            [
              3.8173119725865283,
              51.32666195835736
            ],
            [
              3.8173131909468414,
              51.32666157921492
            ],
            [
              3.8173138775573845,
              51.32666080632697
            ],
            [
              3.8173140208530496,
              51.32665955862608
            ],
            [
              3.8173134143197793,
              51.3266584176888
            ],
            [
              3.817312413892359,
              51.32665788277255
            ],
            [
              3.8173172283514414,
              51.32665181638508
            ],
            [
              3.8173855541293045,
              51.32667370252534
            ],
            [
              3.817417012004562,
              51.32667441427143
            ],
            [
              3.8178126182806498,
              51.32679780523822
            ],
            [
              3.8178106872435205,
              51.32680013463664
            ],
            [
              3.8178199260244603,
              51.32680855706461
            ],
            [
              3.8178417149801986,
              51.32681546746412
            ],
            [
              3.8178580357345564,
              51.32681405119953
            ],
            [
              3.817859398301301,
              51.32681239739176
            ],
            [
              3.817896467597612,
              51.32682395484266
            ],
            [
              3.8178989961841108,
              51.32683138782118
            ],
            [
              3.8179009290337476,
              51.32683485710026
            ],
            [
              3.817906970372478,
              51.32683819295158
            ],
            [
              3.817913631694399,
              51.326840188633014
            ]
          ]
        ]
      }
    },
    {
      "type": "Feature",
      "properties": {
        "kind": "water",
        "bgtType": "waterloop",
        "bgtPlusType": null,
        "bgtLokaalId": "L0002.390e9669cbf040fea7c4180670338864",
        "bgtStatus": "bestaand",
        "bronhouder": "L0002",
        "lvPublicatiedatum": "2021-01-08T14:00:38Z",
        "_source": "bgt",
        "_retrievedAt": "2026-09-14T08:58:37Z"
      },
      "geometry": {
        "type": "Polygon",
        "coordinates": [
          [
            [
              3.8158830050057784,
              51.32939930402803
            ],
            [
              3.8158369018785705,
              51.32945679438589
            ],
            [
              3.8158354262184835,
              51.329456306986025
            ],
            [
              3.815827763043837,
              51.32946591296336
            ],
            [
              3.8157652200282777,
              51.32944644141764
            ],
            [
              3.8157655233185372,
              51.32944221114242
            ],
            [
              3.815764119643271,
              51.32943963000453
            ],
            [
              3.815760615506633,
              51.329436786779134
            ],
            [
              3.8157497794173683,
              51.32943308045314
            ],
            [
              3.8157368977260866,
              51.329430020785146
            ],
            [
              3.815727446112895,
              51.329430288811864
            ],
            [
              3.815720126646194,
              51.32943240162264
            ],
            [
              3.8153185472323625,
              51.3293073588071
            ],
            [
              3.8153021880942366,
              51.3292956755348
            ],
            [
              3.8152350454185515,
              51.32927435257156
            ],
            [
              3.8152412871581047,
              51.329266858114686
            ],
            [
              3.8152423878945148,
              51.32926698085477
            ],
            [
              3.8152452876144087,
              51.329266534527044
            ],
            [
              3.815245887184144,
              51.3292653738986
            ],
            [
              3.8152450036893066,
              51.32926394152672
            ],
            [
              3.815242750768837,
              51.329262688453575
            ],
            [
              3.815190474616109,
              51.329245962326965
            ],
            [
              3.815224422121671,
              51.32920396001652
            ],
            [
              3.8152766668244524,
              51.3292199305298
            ],
            [
              3.815279624788377,
              51.32922029410235
            ],
            [
              3.815281978218619,
              51.32921987636059
            ],
            [
              3.815283103239959,
              51.32921887565735
            ],
            [
              3.8152819137695677,
              51.32921716046059
            ],
            [
              3.8152810979207388,
              51.32921668195964
            ],
            [
              3.8152868569129623,
              51.32920903714165
            ],
            [
              3.815354539057569,
              51.3292296930947
            ],
            [
              3.8153799567995,
              51.32923083628856
            ],
            [
              3.8157807960317713,
              51.329355689106336
            ],
            [
              3.815782587155269,
              51.32936077473803
            ],
            [
              3.8157879584546057,
              51.32936565695453
            ],
            [
              3.8157996251729567,
              51.32937024653116
            ],
            [
              3.8158108368296997,
              51.32937346346124
            ],
            [
              3.815816620340361,
              51.32937345159859
            ],
            [
              3.8158207540857987,
              51.329372590379734
            ],
            [
              3.8158261310339023,
              51.329369795069816
            ],
            [
              3.8158890001643226,
              51.329389378865756
            ],
            [
              3.815881414908077,
              51.32939880609451
            ],
            [
              3.8158830050057784,
              51.32939930402803
            ]
          ]
        ]
      }
    },
    {
      "type": "Feature",
      "properties": {
        "kind": "water",
        "bgtType": "waterloop",
        "bgtPlusType": null,
        "bgtLokaalId": "L0002.5185ebda5d33435bab074812b8787d7f",
        "bgtStatus": "bestaand",
        "bronhouder": "L0002",
        "lvPublicatiedatum": "2021-01-08T14:00:38Z",
        "_source": "bgt",
        "_retrievedAt": "2026-09-14T08:58:37Z"
      },
      "geometry": {
        "type": "Polygon",
        "coordinates": [
          [
            [
              3.817018511281197,
              51.3279695857623
            ],
            [
              3.816972238877381,
              51.32802874643437
            ],
            [
              3.8169651161425207,
              51.328026393862395
            ],
            [
              3.8169568960702036,
              51.32802465580519
            ],
            [
              3.8169512377817325,
              51.328025622368614
            ],
            [
              3.8169382650806725,
              51.32802898057992
            ],
            [
              3.8169030826167325,
              51.3280180326346
            ],
            [
              3.8169041488232374,
              51.328016653536295
            ],
            [
              3.816896106783904,
              51.32800764483316
            ],
            [
              3.8168741528414283,
              51.328000929819794
            ],
            [
              3.8168578497058756,
              51.32800140222105
            ],
            [
              3.8168562867152533,
              51.32800345787236
            ],
            [
              3.816462113718816,
              51.32788072136915
            ],
            [
              3.8164411747629767,
              51.32786451735954
            ],
            [
              3.8163721457555413,
              51.32784343030752
            ],
            [
              3.816376838310176,
              51.32783757807655
            ],
            [
              3.8163781236215075,
              51.327837757236814
            ],
            [
              3.816379930701458,
              51.32783736806462
            ],
            [
              3.8163814370581455,
              51.32783654330812
            ],
            [
              3.8163820101934878,
              51.32783573293412
            ],
            [
              3.8163817520525587,
              51.327834893366784
            ],
            [
              3.81638029959929,
              51.32783373202404
            ],
            [
              3.816376343468761,
              51.327831934568586
            ],
            [
              3.8163266331085066,
              51.32781616054606
            ],
            [
              3.816359177759841,
              51.32777566732631
            ],
            [
              3.816408921885037,
              51.32779087541035
            ],
            [
              3.816413597974199,
              51.32779176557916
            ],
            [
              3.8164159505324338,
              51.32779178832154
            ],
            [
              3.8164171832732787,
              51.32779140938215
            ],
            [
              3.81641786991609,
              51.32779063649963
            ],
            [
              3.8164179988970885,
              51.32778938860651
            ],
            [
              3.816417406714528,
              51.32778824785817
            ],
            [
              3.81641640627309,
              51.32778771293413
            ],
            [
              3.816421235314275,
              51.32778164677851
            ],
            [
              3.816489517458873,
              51.32780358678428
            ],
            [
              3.8165231755127516,
              51.327804184597866
            ],
            [
              3.8169171371939363,
              51.327926792187625
            ],
            [
              3.816915250944328,
              51.327929068234916
            ],
            [
              3.816924179795364,
              51.32793732473084
            ],
            [
              3.816946842223089,
              51.32794430101273
            ],
            [
              3.816962600324577,
              51.32794298516494
            ],
            [
              3.816963933036855,
              51.327941366925195
            ],
            [
              3.81699937085326,
              51.32795239920708
            ],
            [
              3.8170021609026934,
              51.32796057292439
            ],
            [
              3.817004093730933,
              51.327964042218085
            ],
            [
              3.8170110418506114,
              51.32796730043978
            ],
            [
              3.817018511281197,
              51.3279695857623
            ]
          ]
        ]
      }
    },
    {
      "type": "Feature",
      "properties": {
        "kind": "water",
        "bgtType": "waterloop",
        "bgtPlusType": null,
        "bgtLokaalId": "L0002.68b6b72efaea461c94588ae0dd9ac099",
        "bgtStatus": "bestaand",
        "bronhouder": "L0002",
        "lvPublicatiedatum": "2021-01-08T14:00:38Z",
        "_source": "bgt",
        "_retrievedAt": "2026-09-14T08:58:37Z"
      },
      "geometry": {
        "type": "Polygon",
        "coordinates": [
          [
            [
              3.814864395959378,
              51.32965523374433
            ],
            [
              3.815489223246673,
              51.32984916223218
            ],
            [
              3.8154726729307704,
              51.329870991742645
            ],
            [
              3.814847873362276,
              51.329676667975185
            ],
            [
              3.814864395959378,
              51.32965523374433
            ]
          ]
        ]
      }
    },
    {
      "type": "Feature",
      "properties": {
        "kind": "water",
        "bgtType": "waterloop",
        "bgtPlusType": null,
        "bgtLokaalId": "L0002.7b756680c1c04db787e317d530e50b7c",
        "bgtStatus": "bestaand",
        "bronhouder": "L0002",
        "lvPublicatiedatum": "2021-01-08T14:00:38Z",
        "_source": "bgt",
        "_retrievedAt": "2026-09-14T08:58:37Z"
      },
      "geometry": {
        "type": "Polygon",
        "coordinates": [
          [
            [
              3.815550708457407,
              51.329816359815695
            ],
            [
              3.8155495583661505,
              51.32981600266829
            ],
            [
              3.8155421765599398,
              51.329825351710255
            ],
            [
              3.815480201668908,
              51.32980604051516
            ],
            [
              3.8154805341639553,
              51.329801379106705
            ],
            [
              3.8154791304940066,
              51.32979879796545
            ],
            [
              3.815475717044571,
              51.32979582110307
            ],
            [
              3.815464790197181,
              51.329792248378766
            ],
            [
              3.8154519084243512,
              51.329789188679
            ],
            [
              3.815442456735442,
              51.3297894566822
            ],
            [
              3.815434398257891,
              51.329791775265576
            ],
            [
              3.815030689990841,
              51.329665974545506
            ],
            [
              3.8150158995690373,
              51.329655409211675
            ],
            [
              3.814948756502038,
              51.32963408608207
            ],
            [
              3.8149549983381266,
              51.32962659164106
            ],
            [
              3.8149560990823903,
              51.329626714383885
            ],
            [
              3.814958998827866,
              51.329626268063365
            ],
            [
              3.814959598409669,
              51.329625107436506
            ],
            [
              3.814958714916993,
              51.32962367506248
            ],
            [
              3.8149564619868084,
              51.329622421983785
            ],
            [
              3.8149040860527226,
              51.329605667414086
            ],
            [
              3.814938755655116,
              51.32956271298396
            ],
            [
              3.8149912320165975,
              51.32957863280875
            ],
            [
              3.8149941753487258,
              51.329579005181
            ],
            [
              3.8149965434526516,
              51.32957857865277
            ],
            [
              3.8149976541455874,
              51.329577577758684
            ],
            [
              3.8149964790202837,
              51.32957586275264
            ],
            [
              3.814995648824567,
              51.32957538405609
            ],
            [
              3.8150014219446597,
              51.32956774843237
            ],
            [
              3.8150690751826875,
              51.32958842213736
            ],
            [
              3.8150915841590485,
              51.329589445213344
            ],
            [
              3.8154951912081954,
              51.32971525335156
            ],
            [
              3.8154970719037102,
              51.32972065485235
            ],
            [
              3.8155024432142897,
              51.32972553708199
            ],
            [
              3.815514203781516,
              51.32972990319904
            ],
            [
              3.8155253659862303,
              51.329733308281966
            ],
            [
              3.815531090623038,
              51.32973334058938
            ],
            [
              3.815535224097379,
              51.3297324883668
            ],
            [
              3.815540936878677,
              51.329729526788725
            ],
            [
              3.8156030395487512,
              51.3297488756373
            ],
            [
              3.81559598939043,
              51.32975776166951
            ],
            [
              3.815596940215129,
              51.329758071176485
            ],
            [
              3.815550708457407,
              51.329816359815695
            ]
          ]
        ]
      }
    },
    {
      "type": "Feature",
      "properties": {
        "kind": "water",
        "bgtType": "waterloop",
        "bgtPlusType": null,
        "bgtLokaalId": "L0002.a69508d2e9734b838d6772aa61fc3920",
        "bgtStatus": "bestaand",
        "bronhouder": "L0002",
        "lvPublicatiedatum": "2021-01-08T14:00:38Z",
        "_source": "bgt",
        "_retrievedAt": "2026-09-14T08:58:37Z"
      },
      "geometry": {
        "type": "Polygon",
        "coordinates": [
          [
            [
              3.8177848401371213,
              51.32700336852301
            ],
            [
              3.81773840900786,
              51.32706303079358
            ],
            [
              3.8177312521438673,
              51.32706083963036
            ],
            [
              3.817723433812412,
              51.32705910704023
            ],
            [
              3.817717775659492,
              51.32706007364154
            ],
            [
              3.8177046296327624,
              51.32706347455009
            ],
            [
              3.8176688377728296,
              51.32705232083375
            ],
            [
              3.8176700092695284,
              51.3270507993053
            ],
            [
              3.81766199037823,
              51.32704195278941
            ],
            [
              3.8176400136524187,
              51.32703507578694
            ],
            [
              3.817623710868223,
              51.32703554829689
            ],
            [
              3.8176220426092478,
              51.32703774638177
            ],
            [
              3.8172256505651188,
              51.32691420933713
            ],
            [
              3.8172059365895374,
              51.32689910978741
            ],
            [
              3.8171368005624187,
              51.326878246488924
            ],
            [
              3.817141601034201,
              51.3268721709296
            ],
            [
              3.8171428863215158,
              51.326872350081416
            ],
            [
              3.8171446933568287,
              51.32687196089712
            ],
            [
              3.817146199667822,
              51.326871136130514
            ],
            [
              3.81714677277736,
              51.32687032575256
            ],
            [
              3.817146514627626,
              51.32686948618688
            ],
            [
              3.8171450621852423,
              51.32686832485364
            ],
            [
              3.817141106107509,
              51.326866527424336
            ],
            [
              3.8170914252115544,
              51.32685075411764
            ],
            [
              3.8171252679938887,
              51.32680919038765
            ],
            [
              3.8171746418144004,
              51.326824294268064
            ],
            [
              3.817179317820126,
              51.32682518440583
            ],
            [
              3.8171816703291643,
              51.326825207132515
            ],
            [
              3.81718288869491,
              51.32682482799149
            ],
            [
              3.8171835753101315,
              51.326824055104304
            ],
            [
              3.817183718609908,
              51.32682280740359
            ],
            [
              3.8171831264204585,
              51.32682166665903
            ],
            [
              3.817182125991024,
              51.32682113174166
            ],
            [
              3.817186954827446,
              51.32681506555315
            ],
            [
              3.8172552209455297,
              51.32683702288498
            ],
            [
              3.817286620325508,
              51.326837769837304
            ],
            [
              3.817682798277733,
              51.32696125884302
            ],
            [
              3.817680866609929,
              51.32696360621126
            ],
            [
              3.8176901053995564,
              51.32697202864949
            ],
            [
              3.8177118944130664,
              51.32697893907347
            ],
            [
              3.817728215229674,
              51.32697752282735
            ],
            [
              3.8177295927658377,
              51.32697585124247
            ],
            [
              3.8177673014137365,
              51.3269875971535
            ],
            [
              3.817769595266631,
              51.32699434371907
            ],
            [
              3.817771528113183,
              51.32699781300023
            ],
            [
              3.817778311275665,
              51.32700127572777
            ],
            [
              3.8177848401371213,
              51.32700336852301
            ]
          ]
        ]
      }
    },
    {
      "type": "Feature",
      "properties": {
        "kind": "water",
        "bgtType": "waterloop",
        "bgtPlusType": null,
        "bgtLokaalId": "L0002.cebd224b59c241d1ac4c975bbb04aa27",
        "bgtStatus": "bestaand",
        "bronhouder": "L0002",
        "lvPublicatiedatum": "2021-01-08T14:00:38Z",
        "_source": "bgt",
        "_retrievedAt": "2026-09-14T08:58:37Z"
      },
      "geometry": {
        "type": "Polygon",
        "coordinates": [
          [
            [
              3.8155322608260667,
              51.32965882791162
            ],
            [
              3.815529213874483,
              51.329663138030774
            ],
            [
              3.8155761211544674,
              51.3296778496691
            ],
            [
              3.8155716521113074,
              51.32968345316183
            ],
            [
              3.815605147800549,
              51.329693821346346
            ],
            [
              3.8155962707513393,
              51.32970575736096
            ],
            [
              3.8149781087606236,
              51.32951292631617
            ],
            [
              3.814994737639375,
              51.329491736237124
            ],
            [
              3.8155322608260667,
              51.32965882791162
            ]
          ]
        ]
      }
    },
    {
      "type": "Feature",
      "properties": {
        "kind": "water",
        "bgtType": "waterloop",
        "bgtPlusType": "sloot",
        "bgtLokaalId": "G0715.b75c369f3ea9416abc8f3740ff362562",
        "bgtStatus": "bestaand",
        "bronhouder": "W0661",
        "lvPublicatiedatum": "2022-05-18T08:26:39Z",
        "_source": "bgt",
        "_retrievedAt": "2026-09-14T08:58:37Z"
      },
      "geometry": {
        "type": "Polygon",
        "coordinates": [
          [
            [
              3.8163443733500384,
              51.326534986713135
            ],
            [
              3.8163842190211845,
              51.32648160119062
            ],
            [
              3.816433172163395,
              51.32641915055454
            ],
            [
              3.816462428221746,
              51.32642714186476
            ],
            [
              3.816372557096858,
              51.32654077897045
            ],
            [
              3.816363862916639,
              51.32654324187043
            ],
            [
              3.8163533926864948,
              51.326542687087155
            ],
            [
              3.8163443733500384,
              51.326534986713135
            ]
          ]
        ]
      }
    },
    {
      "type": "Feature",
      "properties": {
        "kind": "water",
        "bgtType": "waterloop",
        "bgtPlusType": "sloot",
        "bgtLokaalId": "G0715.1987bc25ad7c497fb2d772febddd7b48",
        "bgtStatus": "bestaand",
        "bronhouder": "W0661",
        "lvPublicatiedatum": "2023-03-14T10:57:38Z",
        "_source": "bgt",
        "_retrievedAt": "2026-09-14T08:58:37Z"
      },
      "geometry": {
        "type": "Polygon",
        "coordinates": [
          [
            [
              3.816292868674253,
              51.326728461520226
            ],
            [
              3.81629119185249,
              51.326735082632204
            ],
            [
              3.816286235504605,
              51.32673775777228
            ],
            [
              3.8162754626956854,
              51.3267397431174
            ],
            [
              3.8162692251182895,
              51.326737528303575
            ],
            [
              3.816262225699932,
              51.32673493461542
            ],
            [
              3.816262225699932,
              51.32673493461542
            ],
            [
              3.8162619321107782,
              51.32673399942374
            ],
            [
              3.8162616452193507,
              51.326733063416505
            ],
            [
              3.816261365031426,
              51.3267321266125
            ],
            [
              3.8162610915526334,
              51.32673118903059
            ],
            [
              3.8162608247884773,
              51.32673025068962
            ],
            [
              3.8162605647443195,
              51.3267293116085
            ],
            [
              3.8162603114253955,
              51.326728371806055
            ],
            [
              3.8162600648367984,
              51.32672743130129
            ],
            [
              3.8162598249834887,
              51.32672649011306
            ],
            [
              3.8162595918702897,
              51.326725548260264
            ],
            [
              3.8162593655018946,
              51.32672460576193
            ],
            [
              3.8162591458828508,
              51.32672366263693
            ],
            [
              3.8162589330175782,
              51.32672271890434
            ],
            [
              3.8162587269103603,
              51.32672177458303
            ],
            [
              3.8162585275653393,
              51.32672082969209
            ],
            [
              3.816258334986527,
              51.326719884250465
            ],
            [
              3.816258149177798,
              51.326718938277246
            ],
            [
              3.8162579701428876,
              51.326717991791355
            ],
            [
              3.8162577978853967,
              51.326717044811936
            ],
            [
              3.8162576324087913,
              51.326716097358
            ],
            [
              3.8162574737164014,
              51.32671514944859
            ],
            [
              3.8162573218114164,
              51.32671420110278
            ],
            [
              3.8162571766968894,
              51.32671325233963
            ],
            [
              3.8162570383757455,
              51.32671230317829
            ],
            [
              3.81625690685076,
              51.326711353637776
            ],
            [
              3.816256782124582,
              51.32671040373728
            ],
            [
              3.8162566641997206,
              51.326709453495795
            ],
            [
              3.8162565530785444,
              51.326708502932526
            ],
            [
              3.8162564487632897,
              51.32670755206658
            ],
            [
              3.8162563512560572,
              51.326706600917
            ],
            [
              3.816256260558805,
              51.32670564950305
            ],
            [
              3.8162561766733587,
              51.32670469784384
            ],
            [
              3.8162560996014037,
              51.32670374595844
            ],
            [
              3.816256029344492,
              51.326702793866026
            ],
            [
              3.8162559659040336,
              51.32670184158577
            ],
            [
              3.816255909281308,
              51.326700889136866
            ],
            [
              3.8162558594774523,
              51.3266999365384
            ],
            [
              3.8162558164934635,
              51.32669898380954
            ],
            [
              3.8162557803302124,
              51.32669803096953
            ],
            [
              3.8162557509884234,
              51.32669707803747
            ],
            [
              3.8162557284686867,
              51.32669612503251
            ],
            [
              3.8162557127714547,
              51.326695171973896
            ],
            [
              3.81625570389704,
              51.32669421888071
            ],
            [
              3.816255701845628,
              51.3266932657722
            ],
            [
              3.81625570661725,
              51.32669231266752
            ],
            [
              3.816255718211819,
              51.32669135958585
            ],
            [
              3.8162557366290915,
              51.32669040654633
            ],
            [
              3.8162557618687067,
              51.326689453568115
            ],
            [
              3.8162557939301482,
              51.32668850067046
            ],
            [
              3.816255832812775,
              51.32668754787243
            ],
            [
              3.816255878515804,
              51.326686595193294
            ],
            [
              3.8162559310383126,
              51.32668564265214
            ],
            [
              3.8162559903792492,
              51.326684690268195
            ],
            [
              3.8162560565374153,
              51.32668373806055
            ],
            [
              3.8162561295114816,
              51.32668278604838
            ],
            [
              3.8162562092999783,
              51.32668183425083
            ],
            [
              3.8162562959012982,
              51.32668088268705
            ],
            [
              3.816256389313706,
              51.32667993137623
            ],
            [
              3.816256489535315,
              51.32667898033748
            ],
            [
              3.816256596564111,
              51.326678029589885
            ],
            [
              3.816256710397942,
              51.3266770791526
            ],
            [
              3.816256831034514,
              51.32667612904478
            ],
            [
              3.8162569584714046,
              51.326675179285495
            ],
            [
              3.8162570927060457,
              51.32667422989387
            ],
            [
              3.816257233735741,
              51.32667328088899
            ],
            [
              3.816257381557647,
              51.32667233228997
            ],
            [
              3.8162575361687945,
              51.326671384115805
            ],
            [
              3.8162576975660722,
              51.326670436385704
            ],
            [
              3.8162578657462314,
              51.32666948911864
            ],
            [
              3.8162580407058897,
              51.3266685423337
            ],
            [
              3.816258222441527,
              51.326667596049916
            ],
            [
              3.816258410949487,
              51.326666650286306
            ],
            [
              3.8162586062259773,
              51.32666570506196
            ],
            [
              3.816258808267071,
              51.32666476039585
            ],
            [
              3.816259017068699,
              51.326663816306976
            ],
            [
              3.816259232626664,
              51.326662872814296
            ],
            [
              3.816259454936627,
              51.32666192993686
            ],
            [
              3.8162596839941205,
              51.32666098769357
            ],
            [
              3.8162599197945304,
              51.32666004610346
            ],
            [
              3.816260162333119,
              51.32665910518542
            ],
            [
              3.8162604116049974,
              51.326658164958346
            ],
            [
              3.816260667605162,
              51.32665722544122
            ],
            [
              3.816260930328454,
              51.32665628665286
            ],
            [
              3.816261199769594,
              51.32665534861227
            ],
            [
              3.8162614759231572,
              51.32665441133819
            ],
            [
              3.8162617587835905,
              51.32665347484956
            ],
            [
              3.8162620483452034,
              51.32665253916517
            ],
            [
              3.816262344602168,
              51.326651604303905
            ],
            [
              3.816262647548529,
              51.32665067028448
            ],
            [
              3.8162629571781896,
              51.32664973712575
            ],
            [
              3.8162632734849185,
              51.326648804846485
            ],
            [
              3.816263596462355,
              51.326647873465426
            ],
            [
              3.8162639261040017,
              51.32664694300128
            ],
            [
              3.8162642624032235,
              51.32664601347282
            ],
            [
              3.8162646053532616,
              51.32664508489868
            ],
            [
              3.8162649549472123,
              51.32664415729761
            ],
            [
              3.816265311178043,
              51.32664323068822
            ],
            [
              3.816265674038586,
              51.32664230508917
            ],
            [
              3.816266043521547,
              51.32664138051907
            ],
            [
              3.816266043521547,
              51.32664138051907
            ],
            [
              3.816293740188854,
              51.3266496564999
            ],
            [
              3.816293740188854,
              51.3266496564999
            ],
            [
              3.8162934202890395,
              51.32665043533501
            ],
            [
              3.81629310660733,
              51.3266512151623
            ],
            [
              3.816292799151565,
              51.326651995962244
            ],
            [
              3.816292497929426,
              51.32665277771537
            ],
            [
              3.8162922029484387,
              51.32665356040208
            ],
            [
              3.816291914215979,
              51.32665434400292
            ],
            [
              3.816291631739262,
              51.32665512849821
            ],
            [
              3.8162913555253413,
              51.326655913868436
            ],
            [
              3.816291085581126,
              51.32665670009392
            ],
            [
              3.8162908219133582,
              51.32665748715499
            ],
            [
              3.8162905645286296,
              51.32665827503203
            ],
            [
              3.816290313433367,
              51.32665906370531
            ],
            [
              3.816290068633853,
              51.3266598531552
            ],
            [
              3.816289830136199,
              51.32666064336184
            ],
            [
              3.816289597946366,
              51.32666143430561
            ],
            [
              3.81628937207016,
              51.32666222596667
            ],
            [
              3.8162891525132214,
              51.3266630183253
            ],
            [
              3.8162889392810406,
              51.32666381136161
            ],
            [
              3.8162887323789434,
              51.32666460505583
            ],
            [
              3.8162885318121025,
              51.32666539938819
            ],
            [
              3.8162883375855294,
              51.326666194338756
            ],
            [
              3.816288149704077,
              51.32666698988767
            ],
            [
              3.8162879681724395,
              51.32666778601511
            ],
            [
              3.816287792995159,
              51.32666858270112
            ],
            [
              3.816287624176608,
              51.326669379925804
            ],
            [
              3.816287461721008,
              51.32667017766927
            ],
            [
              3.8162873056324176,
              51.32667097591157
            ],
            [
              3.8162871559147353,
              51.32667177463271
            ],
            [
              3.816287012571711,
              51.32667257381285
            ],
            [
              3.8162868756069175,
              51.32667337343187
            ],
            [
              3.8162867450237816,
              51.326674173469875
            ],
            [
              3.8162866208255686,
              51.326674973906876
            ],
            [
              3.816286503015378,
              51.32667577472283
            ],
            [
              3.8162863915961576,
              51.32667657589779
            ],
            [
              3.816286286570691,
              51.32667737741165
            ],
            [
              3.8162861879416052,
              51.32667817924441
            ],
            [
              3.8162860957113622,
              51.32667898137614
            ],
            [
              3.8162860098822637,
              51.32667978378664
            ],
            [
              3.8162859304564622,
              51.326680586455936
            ],
            [
              3.8162858574359393,
              51.326681389363934
            ],
            [
              3.8162857908225223,
              51.32668219249063
            ],
            [
              3.816285730617871,
              51.32668299581589
            ],
            [
              3.8162856768234943,
              51.326683799319675
            ],
            [
              3.816285629440736,
              51.326684602981935
            ],
            [
              3.816285588470779,
              51.32668540678247
            ],
            [
              3.816285553914651,
              51.32668621070135
            ],
            [
              3.8162855257732122,
              51.32668701471838
            ],
            [
              3.816285504047168,
              51.3266878188135
            ],
            [
              3.8162854887370603,
              51.32668862296665
            ],
            [
              3.816285479843273,
              51.32668942715765
            ],
            [
              3.8162854773660286,
              51.326690231366534
            ],
            [
              3.816285481305389,
              51.32669103557308
            ],
            [
              3.8162854916612576,
              51.32669183975721
            ],
            [
              3.8162855084333733,
              51.32669264389888
            ],
            [
              3.8162855316213204,
              51.326693447978
            ],
            [
              3.8162855612245177,
              51.326694251974445
            ],
            [
              3.8162855972422247,
              51.32669505586811
            ],
            [
              3.8162856396735476,
              51.32669585963895
            ],
            [
              3.8162856885174166,
              51.32669666326682
            ],
            [
              3.8162857437726188,
              51.32669746673169
            ],
            [
              3.8162858054377735,
              51.32669827001347
            ],
            [
              3.816285873511338,
              51.3266990730921
            ],
            [
              3.8162859479916107,
              51.32669987594748
            ],
            [
              3.816286028876734,
              51.326700678559575
            ],
            [
              3.816286116164682,
              51.3267014809083
            ],
            [
              3.8162862098532804,
              51.32670228297364
            ],
            [
              3.8162863099401845,
              51.32670308473552
            ],
            [
              3.8162864164228925,
              51.32670388617394
            ],
            [
              3.8162865292987473,
              51.32670468726882
            ],
            [
              3.8162866485649243,
              51.326705488000215
            ],
            [
              3.816286774218446,
              51.32670628834802
            ],
            [
              3.816286906256175,
              51.32670708829232
            ],
            [
              3.8162870446748087,
              51.326707887813114
            ],
            [
              3.81628718947089,
              51.32670868689039
            ],
            [
              3.8162873406407996,
              51.326709485504196
            ],
            [
              3.8162874981807615,
              51.32671028363456
            ],
            [
              3.81628766208684,
              51.326711081261564
            ],
            [
              3.8162878323549365,
              51.32671187836524
            ],
            [
              3.8162880089808007,
              51.326712674925695
            ],
            [
              3.8162881919600173,
              51.32671347092304
            ],
            [
              3.8162883812880124,
              51.32671426633738
            ],
            [
              3.81628857696006,
              51.326715061148796
            ],
            [
              3.8162887789712654,
              51.32671585533745
            ],
            [
              3.8162889873165837,
              51.32671664888351
            ],
            [
              3.816289201990806,
              51.32671744176715
            ],
            [
              3.816289422988575,
              51.326718233968535
            ],
            [
              3.8162896503043613,
              51.326719025467895
            ],
            [
              3.8162898839324892,
              51.32671981624541
            ],
            [
              3.816290123867119,
              51.326720606281356
            ],
            [
              3.816290370102256,
              51.32672139555595
            ],
            [
              3.8162906226317457,
              51.32672218404954
            ],
            [
              3.816290881449281,
              51.32672297174235
            ],
            [
              3.816291146548394,
              51.32672375861469
            ],
            [
              3.8162914179224585,
              51.32672454464698
            ],
            [
              3.816291695564693,
              51.326725329819546
            ],
            [
              3.816291979468165,
              51.32672611411272
            ],
            [
              3.816292269625773,
              51.32672689750693
            ],
            [
              3.8162925660302736,
              51.326727679982625
            ],
            [
              3.816292868674253,
              51.326728461520226
            ]
          ]
        ]
      }
    },
    {
      "type": "Feature",
      "properties": {
        "kind": "water",
        "bgtType": "waterloop",
        "bgtPlusType": null,
        "bgtLokaalId": "L0002.b307edf9e13544d2ae6060af4606ce3a",
        "bgtStatus": "bestaand",
        "bronhouder": "L0002",
        "lvPublicatiedatum": "2024-08-05T12:06:08Z",
        "_source": "bgt",
        "_retrievedAt": "2026-09-14T08:58:37Z"
      },
      "geometry": {
        "type": "Polygon",
        "coordinates": [
          [
            [
              3.8164508841267866,
              51.32598095710043
            ],
            [
              3.8164621375809857,
              51.32598376998188
            ],
            [
              3.816485114521978,
              51.32600286035834
            ],
            [
              3.816513938053417,
              51.3260234320549
            ],
            [
              3.8165602990661336,
              51.32604726097985
            ],
            [
              3.8165687285389978,
              51.32605249906708
            ],
            [
              3.8166503503339513,
              51.326075347125226
            ],
            [
              3.8166710367502263,
              51.32608092132488
            ],
            [
              3.816666171912073,
              51.326084694514606
            ],
            [
              3.8165667498119533,
              51.32605496265453
            ],
            [
              3.8165562616217374,
              51.32605075763933
            ],
            [
              3.8165233226610566,
              51.32603553353402
            ],
            [
              3.8165079486627134,
              51.32602652479786
            ],
            [
              3.816479694089394,
              51.326004845993644
            ],
            [
              3.8164508841267866,
              51.32598095710043
            ]
          ]
        ]
      }
    },
    {
      "type": "Feature",
      "properties": {
        "kind": "water",
        "bgtType": "waterloop",
        "bgtPlusType": null,
        "bgtLokaalId": "L0002.0287852eafe44109948335635b50a093",
        "bgtStatus": "bestaand",
        "bronhouder": "L0002",
        "lvPublicatiedatum": "2025-11-27T11:35:20Z",
        "_source": "bgt",
        "_retrievedAt": "2026-09-14T08:58:37Z"
      },
      "geometry": {
        "type": "Polygon",
        "coordinates": [
          [
            [
              3.8182204148204617,
              51.329934753127034
            ],
            [
              3.8189679858207217,
              51.33009558739822
            ],
            [
              3.8188535139501205,
              51.3302787396778
            ],
            [
              3.8188586479612203,
              51.33028009441046
            ],
            [
              3.818852689106449,
              51.33028981343565
            ],
            [
              3.81884737926894,
              51.330288564216715
            ],
            [
              3.8187084444368624,
              51.33051086270305
            ],
            [
              3.818713468035997,
              51.33051209009265
            ],
            [
              3.8187073616722684,
              51.33052192399623
            ],
            [
              3.8187023399224698,
              51.33052064269033
            ],
            [
              3.8185804861371424,
              51.33071560725723
            ],
            [
              3.8185854508375763,
              51.33071687880966
            ],
            [
              3.8185793496613516,
              51.33072655994408
            ],
            [
              3.8185743366854688,
              51.3307254405739
            ],
            [
              3.8184340625755517,
              51.330949887342754
            ],
            [
              3.818439159168974,
              51.33095107976641
            ],
            [
              3.8184332821905587,
              51.33096091674645
            ],
            [
              3.8184280040592506,
              51.33095957803459
            ],
            [
              3.8183224410035934,
              51.33112847456654
            ],
            [
              3.8183274790039325,
              51.33112970216625
            ],
            [
              3.818321621257484,
              51.33113939555757
            ],
            [
              3.8183164126699776,
              51.331138120708744
            ],
            [
              3.818252105606736,
              51.33124100981212
            ],
            [
              3.8182574903431252,
              51.33124217016474
            ],
            [
              3.8182514298992607,
              51.33125191476296
            ],
            [
              3.8182461233601637,
              51.331250566670235
            ],
            [
              3.818235430855187,
              51.33126648803495
            ],
            [
              3.8178681918397714,
              51.331176331205654
            ],
            [
              3.8175009545922753,
              51.331086164238066
            ],
            [
              3.817509659019847,
              51.33107172648958
            ],
            [
              3.8175048096807767,
              51.33107043846599
            ],
            [
              3.8175109253269013,
              51.33106034403302
            ],
            [
              3.8175159577425535,
              51.331061733415716
            ],
            [
              3.8175796916535774,
              51.3309601135831
            ],
            [
              3.817574918821622,
              51.33095910528848
            ],
            [
              3.8175808723329645,
              51.330949134529114
            ],
            [
              3.8175857201183896,
              51.33095046747951
            ],
            [
              3.8178381231728906,
              51.33054619223133
            ],
            [
              3.817833182880154,
              51.33054504683785
            ],
            [
              3.8178394054196176,
              51.33053517858327
            ],
            [
              3.817844258105614,
              51.33053636774675
            ],
            [
              3.8179663500561674,
              51.330340813782726
            ],
            [
              3.817961582524849,
              51.330339652742076
            ],
            [
              3.8179676126771427,
              51.33032995270175
            ],
            [
              3.817972484933361,
              51.33033098929105
            ],
            [
              3.8181109910786093,
              51.330109144375335
            ],
            [
              3.8181062076814953,
              51.33010802807748
            ],
            [
              3.8181122430163623,
              51.33009817526721
            ],
            [
              3.818117124350737,
              51.33009936480567
            ],
            [
              3.8182204148204617,
              51.329934753127034
            ]
          ]
        ]
      }
    },
    {
      "type": "Feature",
      "properties": {
        "kind": "water",
        "bgtType": "waterloop",
        "bgtPlusType": null,
        "bgtLokaalId": "L0002.0c01a9eec1ef491d9acb3b02182ccfee",
        "bgtStatus": "bestaand",
        "bronhouder": "L0002",
        "lvPublicatiedatum": "2025-11-27T11:35:20Z",
        "_source": "bgt",
        "_retrievedAt": "2026-09-14T08:58:37Z"
      },
      "geometry": {
        "type": "Polygon",
        "coordinates": [
          [
            [
              3.8184789185806816,
              51.32701552541926
            ],
            [
              3.817958697457821,
              51.32685372377624
            ],
            [
              3.817974566540651,
              51.326844147331904
            ],
            [
              3.8180287306463283,
              51.326775311325605
            ],
            [
              3.8180774852324153,
              51.32671399010172
            ],
            [
              3.8180762073489047,
              51.32671359529614
            ],
            [
              3.8181200427356767,
              51.32665846492429
            ],
            [
              3.8181213206180358,
              51.32665885972939
            ],
            [
              3.8181632514125856,
              51.326606122032906
            ],
            [
              3.8181772414827213,
              51.32658815939442
            ],
            [
              3.8181780927855313,
              51.32657757146395
            ],
            [
              3.818176225161238,
              51.326574291861775
            ],
            [
              3.8181720341884167,
              51.32657139450293
            ],
            [
              3.818160211405489,
              51.326567603180706
            ],
            [
              3.818158748922079,
              51.326567151947714
            ],
            [
              3.8181438272131194,
              51.32656250975488
            ],
            [
              3.8181169649060016,
              51.32655416454757
            ],
            [
              3.8181151177912063,
              51.32655655801278
            ],
            [
              3.8180857973570137,
              51.32654750541477
            ],
            [
              3.818064750758093,
              51.32654112649236
            ],
            [
              3.8180581411123624,
              51.32654891281161
            ],
            [
              3.8178539696557,
              51.326485271122756
            ],
            [
              3.817583592681885,
              51.32640112018564
            ],
            [
              3.8174223785440557,
              51.326350589019036
            ],
            [
              3.8171886235576413,
              51.32627642442743
            ],
            [
              3.817190526169976,
              51.326262389463
            ],
            [
              3.81718785322693,
              51.326226159027364
            ],
            [
              3.8171839802355807,
              51.32616429044598
            ],
            [
              3.818199190679569,
              51.326418163486125
            ],
            [
              3.8181555095124926,
              51.32652900799531
            ],
            [
              3.8181496535501314,
              51.32656374798922
            ],
            [
              3.818187615354428,
              51.32657438239741
            ],
            [
              3.8182596102204363,
              51.326432939252435
            ],
            [
              3.818877909464273,
              51.32658749288441
            ],
            [
              3.81868549963746,
              51.32673304129275
            ],
            [
              3.8187634226702145,
              51.32675418383884
            ],
            [
              3.8189771449264125,
              51.32661228463433
            ],
            [
              3.8200245345625685,
              51.326855193372545
            ],
            [
              3.819990887635251,
              51.32662535666897
            ],
            [
              3.820090695314755,
              51.32665691576328
            ],
            [
              3.8201291703963465,
              51.32687945446503
            ],
            [
              3.8208766850951608,
              51.3270528084234
            ],
            [
              3.821140608146509,
              51.32691181424988
            ],
            [
              3.8212245870352644,
              51.32693633596216
            ],
            [
              3.8209936503248114,
              51.32707993161125
            ],
            [
              3.82193727809708,
              51.32729875420207
            ],
            [
              3.8217575621062085,
              51.32753348976184
            ],
            [
              3.821678456349561,
              51.32751412238641
            ],
            [
              3.8216769679545006,
              51.32751652072906
            ],
            [
              3.821662964078891,
              51.32751313197373
            ],
            [
              3.8216643682636118,
              51.32751067855824
            ],
            [
              3.821306122795207,
              51.32742299068583
            ],
            [
              3.821304513175962,
              51.327425576187096
            ],
            [
              3.821291038504171,
              51.327422239453234
            ],
            [
              3.8212926768098465,
              51.32741965433796
            ],
            [
              3.821180153077782,
              51.327391862985785
            ],
            [
              3.8209343891337992,
              51.32733198272099
            ],
            [
              3.820932904708635,
              51.32733426423579
            ],
            [
              3.8209191563452025,
              51.32733095973797
            ],
            [
              3.820920672535774,
              51.32732858874899
            ],
            [
              3.820727614468601,
              51.32728086138881
            ],
            [
              3.8206271932931313,
              51.327441746893456
            ],
            [
              3.820618569788816,
              51.32745554764909
            ],
            [
              3.820591289591125,
              51.32749914252693
            ],
            [
              3.8205954544924148,
              51.32750029535517
            ],
            [
              3.8205894442386144,
              51.327509860939415
            ],
            [
              3.820585201770443,
              51.32750887788045
            ],
            [
              3.820518042379013,
              51.32761699801639
            ],
            [
              3.8201479951794863,
              51.32752576749596
            ],
            [
              3.8197779497758373,
              51.327434526819495
            ],
            [
              3.8198457520940035,
              51.327327368705944
            ],
            [
              3.8198412963648822,
              51.32732632880829
            ],
            [
              3.8198469663885235,
              51.327317064347575
            ],
            [
              3.8198515929986505,
              51.32731814250552
            ],
            [
              3.8198847575712427,
              51.32726574471567
            ],
            [
              3.8198864573273474,
              51.32726304357442
            ],
            [
              3.819909942694576,
              51.32722593362834
            ],
            [
              3.8199813415975887,
              51.327113465711435
            ],
            [
              3.8199826225898437,
              51.32711377063612
            ],
            [
              3.819991112513634,
              51.32710010298088
            ],
            [
              3.819912340923225,
              51.32708065797711
            ],
            [
              3.8198556955550176,
              51.32706667107178
            ],
            [
              3.8197964459999354,
              51.327052469284034
            ],
            [
              3.8197946412251462,
              51.327055303862835
            ],
            [
              3.819781477077025,
              51.327052123964485
            ],
            [
              3.819783123157636,
              51.32704931422035
            ],
            [
              3.8195133540933677,
              51.32698447788398
            ],
            [
              3.8195115981875443,
              51.32698714230341
            ],
            [
              3.8194981712867695,
              51.326984093687855
            ],
            [
              3.819499609495511,
              51.326981487922815
            ],
            [
              3.8193057566932014,
              51.326937352532134
            ],
            [
              3.8189891591255805,
              51.326838450060784
            ],
            [
              3.8188138517651455,
              51.3267845485448
            ],
            [
              3.818819501899192,
              51.326776704309985
            ],
            [
              3.818796849008415,
              51.32676945881318
            ],
            [
              3.818766822107835,
              51.326759659681244
            ],
            [
              3.8187682353763925,
              51.326757781792026
            ],
            [
              3.8187652368219767,
              51.32675693229146
            ],
            [
              3.8187285055737816,
              51.3267459730224
            ],
            [
              3.8187074587928462,
              51.326739594215454
            ],
            [
              3.8187024771803535,
              51.32674593710234
            ],
            [
              3.8186878706159706,
              51.3267576163666
            ],
            [
              3.818685008584623,
              51.32675989727867
            ],
            [
              3.818671726983479,
              51.32677603552659
            ],
            [
              3.818669750187742,
              51.32677844523398
            ],
            [
              3.8186489737726603,
              51.32680391320737
            ],
            [
              3.8186486590087467,
              51.32680430453476
            ],
            [
              3.818648075284136,
              51.32680500689496
            ],
            [
              3.81863844313375,
              51.32681682507751
            ],
            [
              3.8186250219310667,
              51.3268332671054
            ],
            [
              3.8185879028309677,
              51.326878769767966
            ],
            [
              3.8185836185719104,
              51.32688402524374
            ],
            [
              3.818578869952296,
              51.32688984983467
            ],
            [
              3.818578765236171,
              51.32688997428641
            ],
            [
              3.8185786907473043,
              51.32689005419451
            ],
            [
              3.8185566255578047,
              51.326917114031104
            ],
            [
              3.818555547242874,
              51.32691843004968
            ],
            [
              3.818547787753777,
              51.32692794499876
            ],
            [
              3.8185474873308585,
              51.326928336519025
            ],
            [
              3.818542772478956,
              51.32693443126827
            ],
            [
              3.8184789185806816,
              51.32701552541926
            ]
          ]
        ]
      }
    },
    {
      "type": "Feature",
      "properties": {
        "kind": "water",
        "bgtType": "waterloop",
        "bgtPlusType": null,
        "bgtLokaalId": "L0002.15bc0de888774c6481a76753679395a0",
        "bgtStatus": "bestaand",
        "bronhouder": "L0002",
        "lvPublicatiedatum": "2025-11-27T11:35:20Z",
        "_source": "bgt",
        "_retrievedAt": "2026-09-14T08:58:37Z"
      },
      "geometry": {
        "type": "Polygon",
        "coordinates": [
          [
            [
              3.8175575272218905,
              51.333154933408714
            ],
            [
              3.8145919560466486,
              51.33226282987831
            ],
            [
              3.8122473956459495,
              51.331991343215265
            ],
            [
              3.8123076122253807,
              51.33192262755905
            ],
            [
              3.812322669773067,
              51.33190545318147
            ],
            [
              3.8123586412407033,
              51.331864405025506
            ],
            [
              3.812469803430578,
              51.331745700602674
            ],
            [
              3.812477680493382,
              51.33173283429743
            ],
            [
              3.8124950533801196,
              51.33168344346532
            ],
            [
              3.812492114312533,
              51.33166170145423
            ],
            [
              3.8124853667031693,
              51.33164553579241
            ],
            [
              3.812461057552365,
              51.331611763660604
            ],
            [
              3.812518231156184,
              51.331580945273714
            ],
            [
              3.812554148904287,
              51.331592677622915
            ],
            [
              3.812587454176467,
              51.33160942711414
            ],
            [
              3.8125946360595475,
              51.33160382444967
            ],
            [
              3.812446830046723,
              51.33152946405452
            ],
            [
              3.812423766053391,
              51.33151953270212
            ],
            [
              3.8123799978518687,
              51.33150157184882
            ],
            [
              3.8124136692158768,
              51.33146812523021
            ],
            [
              3.812457583419015,
              51.3314864296717
            ],
            [
              3.812480238856951,
              51.33149489009542
            ],
            [
              3.8126513429821363,
              51.33154780923254
            ],
            [
              3.812656430085956,
              51.33154136013736
            ],
            [
              3.812611147899722,
              51.33152735255799
            ],
            [
              3.8126212097326753,
              51.33151396738232
            ],
            [
              3.812655083239322,
              51.33151130577028
            ],
            [
              3.812695116261554,
              51.331511055877556
            ],
            [
              3.8127343704427465,
              51.33150258741653
            ],
            [
              3.8127953978843236,
              51.331477781480366
            ],
            [
              3.812853784016898,
              51.3314588283677
            ],
            [
              3.8129012135717555,
              51.331439241646976
            ],
            [
              3.812935762187645,
              51.331419894335404
            ],
            [
              3.813040590798955,
              51.331332506435174
            ],
            [
              3.8131240968593367,
              51.33125544763822
            ],
            [
              3.81329788178612,
              51.331106743583796
            ],
            [
              3.813460174571102,
              51.33097668242648
            ],
            [
              3.813641538806929,
              51.33082951872561
            ],
            [
              3.8138547764470623,
              51.33066812239992
            ],
            [
              3.814074510788367,
              51.330523894773364
            ],
            [
              3.8141971836340582,
              51.3304261834614
            ],
            [
              3.8144419185176126,
              51.33025889143728
            ],
            [
              3.814616604806379,
              51.33015215476524
            ],
            [
              3.8146802765034495,
              51.330113808421
            ],
            [
              3.8147396415813892,
              51.330077588503556
            ],
            [
              3.8147975967955388,
              51.33005273107156
            ],
            [
              3.8149003145198104,
              51.33005237382423
            ],
            [
              3.814953226430188,
              51.32999599163401
            ],
            [
              3.8152795593407256,
              51.33009761652811
            ],
            [
              3.815366961938067,
              51.33012448114145
            ],
            [
              3.815370114155083,
              51.330124622578865
            ],
            [
              3.815372193916518,
              51.3301234010164
            ],
            [
              3.815593405966443,
              51.32984458079145
            ],
            [
              3.815595834250295,
              51.32983030121859
            ],
            [
              3.816117171050694,
              51.329992955308086
            ],
            [
              3.8158880453059774,
              51.33027955410202
            ],
            [
              3.8158854821935133,
              51.330283565093055
            ],
            [
              3.8158867997052943,
              51.33028573151898
            ],
            [
              3.8158918969990148,
              51.33028856926501
            ],
            [
              3.8159297002667185,
              51.33030055076948
            ],
            [
              3.816159676407691,
              51.33037205058911
            ],
            [
              3.8162927868367733,
              51.3304135108001
            ],
            [
              3.8166480859433483,
              51.33052471047021
            ],
            [
              3.81660065579773,
              51.330663409356156
            ],
            [
              3.8166050545698953,
              51.33066402606952
            ],
            [
              3.816601282081619,
              51.33067399922427
            ],
            [
              3.8165972974286055,
              51.330673442036755
            ],
            [
              3.8165145941503074,
              51.33091525882803
            ],
            [
              3.81651860658484,
              51.33091584336341
            ],
            [
              3.8165152325993885,
              51.33092591179188
            ],
            [
              3.816511161244103,
              51.33092537141253
            ],
            [
              3.81643440230561,
              51.33115036681733
            ],
            [
              3.8164382451018333,
              51.33115087714596
            ],
            [
              3.8164347333373017,
              51.33116119543859
            ],
            [
              3.816430846581645,
              51.331160711487435
            ],
            [
              3.816395528777769,
              51.33126428727471
            ],
            [
              3.816352265447769,
              51.33139318905236
            ],
            [
              3.8163555778400533,
              51.3313936832391
            ],
            [
              3.8163525978680743,
              51.331403559194264
            ],
            [
              3.8163490141722654,
              51.331403025387374
            ],
            [
              3.816312780053304,
              51.33151195591986
            ],
            [
              3.8165090942421047,
              51.33156053450826
            ],
            [
              3.8165110710520773,
              51.33155813382541
            ],
            [
              3.8165248004567225,
              51.33156160040153
            ],
            [
              3.8165232829695226,
              51.33156399828927
            ],
            [
              3.8169046406930507,
              51.3316575861836
            ],
            [
              3.8169065752379057,
              51.33165474440638
            ],
            [
              3.816920026771293,
              51.331657946473946
            ],
            [
              3.816918144664174,
              51.331660932801036
            ],
            [
              3.817026437787794,
              51.33168761930564
            ],
            [
              3.817079322271348,
              51.33170052296675
            ],
            [
              3.817079892047801,
              51.33169981143554
            ],
            [
              3.817112194726121,
              51.33170778069175
            ],
            [
              3.817236392532117,
              51.33150959474737
            ],
            [
              3.8172541370207376,
              51.33148098452601
            ],
            [
              3.81724966691225,
              51.33147993534862
            ],
            [
              3.81725527828368,
              51.33147115568403
            ],
            [
              3.8172596061846686,
              51.331472166983616
            ],
            [
              3.817321472595614,
              51.33137356078306
            ],
            [
              3.8176891061753886,
              51.33146352686512
            ],
            [
              3.818056755557167,
              51.331553491985595
            ],
            [
              3.817996657150834,
              51.33164829257775
            ],
            [
              3.8180029903407307,
              51.331649834317886
            ],
            [
              3.8179949578268237,
              51.331663094454775
            ],
            [
              3.8179885132754854,
              51.331661452321995
            ],
            [
              3.81797164664422,
              51.331689166473794
            ],
            [
              3.817850479083026,
              51.33188820312399
            ],
            [
              3.8178822651770696,
              51.3318957606456
            ],
            [
              3.8178816699585885,
              51.331896795483594
            ],
            [
              3.8180413261284385,
              51.3319360221743
            ],
            [
              3.818042883652463,
              51.331933292170966
            ],
            [
              3.818055389859289,
              51.3319364454082
            ],
            [
              3.818053675474203,
              51.331939146327706
            ],
            [
              3.818304139005044,
              51.332000696025354
            ],
            [
              3.8183144422381368,
              51.332003226206595
            ],
            [
              3.8183544692020015,
              51.33206043938109
            ],
            [
              3.8183568151930225,
              51.3320598236924
            ],
            [
              3.8175575272218905,
              51.333154933408714
            ]
          ]
        ]
      }
    },
    {
      "type": "Feature",
      "properties": {
        "kind": "water",
        "bgtType": "waterloop",
        "bgtPlusType": null,
        "bgtLokaalId": "L0002.1fa6bc4139674b2ba68a11bf0d3ba855",
        "bgtStatus": "bestaand",
        "bronhouder": "L0002",
        "lvPublicatiedatum": "2025-11-27T11:35:20Z",
        "_source": "bgt",
        "_retrievedAt": "2026-09-14T08:58:37Z"
      },
      "geometry": {
        "type": "Polygon",
        "coordinates": [
          [
            [
              3.8196800465058756,
              51.332858166787105
            ],
            [
              3.8196849010804086,
              51.33286098311479
            ],
            [
              3.8196985643208214,
              51.33286890753775
            ],
            [
              3.8196940870906406,
              51.33287308164108
            ],
            [
              3.819680556315024,
              51.332864224024206
            ],
            [
              3.819673959519947,
              51.33285990087112
            ],
            [
              3.8196562468606947,
              51.33284911701265
            ],
            [
              3.819647417861674,
              51.332834559985535
            ],
            [
              3.8196227194575894,
              51.33279983120962
            ],
            [
              3.8196147128084093,
              51.332782219605164
            ],
            [
              3.819612840115297,
              51.33276568847094
            ],
            [
              3.81961610593556,
              51.33272612179841
            ],
            [
              3.8196214381268203,
              51.332727146526295
            ],
            [
              3.8196182849662406,
              51.33275840781051
            ],
            [
              3.8196195538401687,
              51.33277622539985
            ],
            [
              3.819628403788572,
              51.332795610425386
            ],
            [
              3.8196547612232132,
              51.332835108332795
            ],
            [
              3.8196645473684754,
              51.332846864323066
            ],
            [
              3.8196800465058756,
              51.332858166787105
            ]
          ]
        ]
      }
    },
    {
      "type": "Feature",
      "properties": {
        "kind": "water",
        "bgtType": "waterloop",
        "bgtPlusType": null,
        "bgtLokaalId": "L0002.2251d83b55f244ff81232e8c25933e7c",
        "bgtStatus": "bestaand",
        "bronhouder": "L0002",
        "lvPublicatiedatum": "2025-11-27T11:35:20Z",
        "_source": "bgt",
        "_retrievedAt": "2026-09-14T08:58:37Z"
      },
      "geometry": {
        "type": "Polygon",
        "coordinates": [
          [
            [
              3.819414784789676,
              51.33419044360882
            ],
            [
              3.819433033411865,
              51.33419356611039
            ],
            [
              3.8194347827000623,
              51.33419235800663
            ],
            [
              3.8193976726761876,
              51.33435458028587
            ],
            [
              3.819359389907047,
              51.33451542026351
            ],
            [
              3.819337174552137,
              51.33451413228418
            ],
            [
              3.8193712051778683,
              51.33435048408379
            ],
            [
              3.819414784789676,
              51.33419044360882
            ]
          ]
        ]
      }
    },
    {
      "type": "Feature",
      "properties": {
        "kind": "water",
        "bgtType": "waterloop",
        "bgtPlusType": null,
        "bgtLokaalId": "L0002.285dccb818304de79b54852ffcba7110",
        "bgtStatus": "bestaand",
        "bronhouder": "L0002",
        "lvPublicatiedatum": "2025-11-27T11:35:20Z",
        "_source": "bgt",
        "_retrievedAt": "2026-09-14T08:58:37Z"
      },
      "geometry": {
        "type": "Polygon",
        "coordinates": [
          [
            [
              3.8172940036780036,
              51.32973542575675
            ],
            [
              3.817267351376802,
              51.32972969034839
            ],
            [
              3.817281859339579,
              51.32970170176825
            ],
            [
              3.8173451015917514,
              51.32959722556181
            ],
            [
              3.8174941789073715,
              51.329394349265485
            ],
            [
              3.81765296043719,
              51.329193419591455
            ],
            [
              3.817761945340469,
              51.32905436318186
            ],
            [
              3.81777502680087,
              51.3290399034931
            ],
            [
              3.817779328265509,
              51.32904084249791
            ],
            [
              3.8177694425890993,
              51.32905709833705
            ],
            [
              3.8177387585892983,
              51.329096906798725
            ],
            [
              3.817666412344578,
              51.329186561593595
            ],
            [
              3.817614310851325,
              51.329257079445604
            ],
            [
              3.8175180890090297,
              51.32937671819239
            ],
            [
              3.8174998995757705,
              51.329399092267806
            ],
            [
              3.8174617384367475,
              51.32944851824162
            ],
            [
              3.81739994884197,
              51.32953034989079
            ],
            [
              3.8173468974073193,
              51.32961680337213
            ],
            [
              3.8173185323226444,
              51.32966386208845
            ],
            [
              3.817299753098755,
              51.329714682046756
            ],
            [
              3.8172940036780036,
              51.32973542575675
            ]
          ]
        ]
      }
    },
    {
      "type": "Feature",
      "properties": {
        "kind": "water",
        "bgtType": "waterloop",
        "bgtPlusType": null,
        "bgtLokaalId": "L0002.28fa21321cea443fad2fdad538c14ef4",
        "bgtStatus": "bestaand",
        "bronhouder": "L0002",
        "lvPublicatiedatum": "2025-11-27T11:35:20Z",
        "_source": "bgt",
        "_retrievedAt": "2026-09-14T08:58:37Z"
      },
      "geometry": {
        "type": "Polygon",
        "coordinates": [
          [
            [
              3.818743831130563,
              51.328632000392645
            ],
            [
              3.81890059457914,
              51.328379654153636
            ],
            [
              3.8190400295638764,
              51.32815510569224
            ],
            [
              3.8191728704797927,
              51.32794579650842
            ],
            [
              3.819184224824853,
              51.32794819693166
            ],
            [
              3.8189574406796893,
              51.32831003572977
            ],
            [
              3.8188143969842305,
              51.32853726850642
            ],
            [
              3.818654971181416,
              51.328794406493614
            ],
            [
              3.8185763349020982,
              51.32891437284398
            ],
            [
              3.8185685573249266,
              51.32892231427515
            ],
            [
              3.8185649859746906,
              51.328921007547315
            ],
            [
              3.8185644156062124,
              51.328917556633264
            ],
            [
              3.818590301315334,
              51.32887871719883
            ],
            [
              3.818604550329994,
              51.32885155206977
            ],
            [
              3.818743831130563,
              51.328632000392645
            ]
          ]
        ]
      }
    },
    {
      "type": "Feature",
      "properties": {
        "kind": "water",
        "bgtType": "waterloop",
        "bgtPlusType": null,
        "bgtLokaalId": "L0002.2f7d9d285fef496e9ef69b929e905710",
        "bgtStatus": "bestaand",
        "bronhouder": "L0002",
        "lvPublicatiedatum": "2025-11-27T11:35:20Z",
        "_source": "bgt",
        "_retrievedAt": "2026-09-14T08:58:37Z"
      },
      "geometry": {
        "type": "Polygon",
        "coordinates": [
          [
            [
              3.8177150239282938,
              51.32867731275909
            ],
            [
              3.81768527422034,
              51.328710813713286
            ],
            [
              3.8176635578162514,
              51.328702600697554
            ],
            [
              3.817919134140426,
              51.328386489688754
            ],
            [
              3.818193627747819,
              51.32803921241235
            ],
            [
              3.818432398164179,
              51.327733410373625
            ],
            [
              3.8186373618102154,
              51.327473074255245
            ],
            [
              3.8187728790603415,
              51.327284038423024
            ],
            [
              3.818793865825724,
              51.32725788101734
            ],
            [
              3.8188017505462137,
              51.3272480620731
            ],
            [
              3.8188163935457995,
              51.327252053133584
            ],
            [
              3.8188099634717894,
              51.32726213440438
            ],
            [
              3.818796634637712,
              51.32728299186511
            ],
            [
              3.8186791478611495,
              51.32745466784632
            ],
            [
              3.8186325701839237,
              51.32751820325107
            ],
            [
              3.8184566666780437,
              51.3277408395241
            ],
            [
              3.818222123575992,
              51.328039290673125
            ],
            [
              3.8179410781089684,
              51.32838974315529
            ],
            [
              3.8177150239282938,
              51.32867731275909
            ]
          ]
        ]
      }
    },
    {
      "type": "Feature",
      "properties": {
        "kind": "water",
        "bgtType": "waterloop",
        "bgtPlusType": null,
        "bgtLokaalId": "L0002.360563edb46946ad80afbb5f80cc745f",
        "bgtStatus": "bestaand",
        "bronhouder": "L0002",
        "lvPublicatiedatum": "2025-11-27T11:35:20Z",
        "_source": "bgt",
        "_retrievedAt": "2026-09-14T08:58:37Z"
      },
      "geometry": {
        "type": "Polygon",
        "coordinates": [
          [
            [
              3.817223616418512,
              51.33007673234772
            ],
            [
              3.817210309196083,
              51.330096079582944
            ],
            [
              3.8171948908066513,
              51.330108790586166
            ],
            [
              3.817167097673921,
              51.33011286602415
            ],
            [
              3.8171545779942404,
              51.33006959840071
            ],
            [
              3.817148737730991,
              51.33003240827416
            ],
            [
              3.817148862500651,
              51.32998616456167
            ],
            [
              3.817156593182346,
              51.32994367339595
            ],
            [
              3.817171508417767,
              51.329903832295294
            ],
            [
              3.817219879326427,
              51.32982122651033
            ],
            [
              3.817267351376802,
              51.32972969034839
            ],
            [
              3.8172940036780036,
              51.32973542575675
            ],
            [
              3.8172818358669343,
              51.32977925958032
            ],
            [
              3.81725761499523,
              51.32990786996919
            ],
            [
              3.817223616418512,
              51.33007673234772
            ]
          ]
        ]
      }
    },
    {
      "type": "Feature",
      "properties": {
        "kind": "water",
        "bgtType": "waterloop",
        "bgtPlusType": null,
        "bgtLokaalId": "L0002.3688d8d0b8db4eaaa6bc2ccd0e856629",
        "bgtStatus": "bestaand",
        "bronhouder": "L0002",
        "lvPublicatiedatum": "2025-11-27T11:35:20Z",
        "_source": "bgt",
        "_retrievedAt": "2026-09-14T08:58:37Z"
      },
      "geometry": {
        "type": "Polygon",
        "coordinates": [
          [
            [
              3.816728943227104,
              51.33077802888732
            ],
            [
              3.816673247097975,
              51.33087037093552
            ],
            [
              3.8166678567481096,
              51.330868958708635
            ],
            [
              3.816721182015552,
              51.33078004590386
            ],
            [
              3.816809291977089,
              51.330630594893684
            ],
            [
              3.816851449863295,
              51.33055385695849
            ],
            [
              3.81688587474273,
              51.33047162963068
            ],
            [
              3.816902450320251,
              51.33039224524417
            ],
            [
              3.816906747635335,
              51.33031561710159
            ],
            [
              3.816896780820287,
              51.33026362745291
            ],
            [
              3.8168926181680827,
              51.33024862068366
            ],
            [
              3.81690221696863,
              51.330246997031004
            ],
            [
              3.8169070429752936,
              51.330262327400106
            ],
            [
              3.816914183673738,
              51.33031220221375
            ],
            [
              3.8169124494945916,
              51.33039233511986
            ],
            [
              3.8168941353164563,
              51.33046927771087
            ],
            [
              3.81685843508573,
              51.33055145188332
            ],
            [
              3.816815248699865,
              51.330630558345185
            ],
            [
              3.816728943227104,
              51.33077802888732
            ]
          ]
        ]
      }
    },
    {
      "type": "Feature",
      "properties": {
        "kind": "water",
        "bgtType": "waterloop",
        "bgtPlusType": null,
        "bgtLokaalId": "L0002.37e76ac0774b48a790b80dc53a6367b8",
        "bgtStatus": "bestaand",
        "bronhouder": "L0002",
        "lvPublicatiedatum": "2025-11-27T11:35:20Z",
        "_source": "bgt",
        "_retrievedAt": "2026-09-14T08:58:37Z"
      },
      "geometry": {
        "type": "Polygon",
        "coordinates": [
          [
            [
              3.8194025221056256,
              51.33018907416623
            ],
            [
              3.8192639989617185,
              51.33041661110291
            ],
            [
              3.8190742503535726,
              51.33071629640489
            ],
            [
              3.819028310073862,
              51.330787940700546
            ],
            [
              3.819014994240715,
              51.330812574233505
            ],
            [
              3.8190053796382015,
              51.33082176756142
            ],
            [
              3.818996835387773,
              51.330819422947876
            ],
            [
              3.8190025979304307,
              51.33080915287204
            ],
            [
              3.819010035674239,
              51.33079272012449
            ],
            [
              3.819186221883291,
              51.330513170073516
            ],
            [
              3.819367328869751,
              51.330225648818214
            ],
            [
              3.819391553241828,
              51.330186714919954
            ],
            [
              3.8194025221056256,
              51.33018907416623
            ]
          ]
        ]
      }
    },
    {
      "type": "Feature",
      "properties": {
        "kind": "water",
        "bgtType": "waterloop",
        "bgtPlusType": null,
        "bgtLokaalId": "L0002.3cf8b655f10248929d0f8d2b20db7a0e",
        "bgtStatus": "bestaand",
        "bronhouder": "L0002",
        "lvPublicatiedatum": "2025-11-27T11:35:20Z",
        "_source": "bgt",
        "_retrievedAt": "2026-09-14T08:58:37Z"
      },
      "geometry": {
        "type": "Polygon",
        "coordinates": [
          [
            [
              3.8203264009490483,
              51.32832328455296
            ],
            [
              3.820239104507582,
              51.32845910197864
            ],
            [
              3.8201199621189192,
              51.32864942067266
            ],
            [
              3.8199970913727745,
              51.32884507418242
            ],
            [
              3.81987374290689,
              51.32904249220229
            ],
            [
              3.8197576698361195,
              51.32922690936338
            ],
            [
              3.819751624098075,
              51.3292253625948
            ],
            [
              3.8198673395286917,
              51.32904091365574
            ],
            [
              3.8199906667584904,
              51.328844115677484
            ],
            [
              3.8201139361617273,
              51.328647298818424
            ],
            [
              3.8202314204745997,
              51.32845720954433
            ],
            [
              3.820318819801666,
              51.328321321587296
            ],
            [
              3.8203264009490483,
              51.32832328455296
            ]
          ]
        ]
      }
    },
    {
      "type": "Feature",
      "properties": {
        "kind": "water",
        "bgtType": "waterloop",
        "bgtPlusType": null,
        "bgtLokaalId": "L0002.4128f05407d04da79a5510d63a8fd8b7",
        "bgtStatus": "bestaand",
        "bronhouder": "L0002",
        "lvPublicatiedatum": "2025-11-27T11:35:20Z",
        "_source": "bgt",
        "_retrievedAt": "2026-09-14T08:58:37Z"
      },
      "geometry": {
        "type": "Polygon",
        "coordinates": [
          [
            [
              3.8225068624164678,
              51.329259843105106
            ],
            [
              3.822509012593392,
              51.329260330492424
            ],
            [
              3.822506069576345,
              51.329265397357155
            ],
            [
              3.8225039050557323,
              51.32926490977709
            ],
            [
              3.822369769096463,
              51.32949603333381
            ],
            [
              3.822371918975338,
              51.3294965297097
            ],
            [
              3.8223689762352886,
              51.32950158758477
            ],
            [
              3.822366826048561,
              51.32950110019483
            ],
            [
              3.822232416353698,
              51.32973263347279
            ],
            [
              3.822234552206204,
              51.329733120672444
            ],
            [
              3.8222316085124564,
              51.32973820550194
            ],
            [
              3.8222294589314654,
              51.32973770013739
            ],
            [
              3.822094716816329,
              51.32996884222331
            ],
            [
              3.8220968526783516,
              51.32996932942554
            ],
            [
              3.822093938872041,
              51.329974378692825
            ],
            [
              3.822091773707007,
              51.329973909077
            ],
            [
              3.8219567086586776,
              51.330205640023976
            ],
            [
              3.8219588604126713,
              51.33020608249146
            ],
            [
              3.8219558723950526,
              51.330211202679344
            ],
            [
              3.8219537511747923,
              51.330210706681214
            ],
            [
              3.8218189586008724,
              51.33044198264341
            ],
            [
              3.821821125323973,
              51.33044240733428
            ],
            [
              3.8218181210848177,
              51.3304475812417
            ],
            [
              3.8218160010861824,
              51.330447049297014
            ],
            [
              3.821728518095637,
              51.33060214919612
            ],
            [
              3.821730682978778,
              51.33060262780476
            ],
            [
              3.8217278111993456,
              51.33060770459894
            ],
            [
              3.82172566035211,
              51.330607235169026
            ],
            [
              3.8216175663058682,
              51.330798872607524
            ],
            [
              3.820481323355088,
              51.33047592219351
            ],
            [
              3.820538005308813,
              51.33038556050416
            ],
            [
              3.820602956282936,
              51.33028002675946
            ],
            [
              3.8208260886969345,
              51.32992373656644
            ],
            [
              3.8209993871868453,
              51.32964595207651
            ],
            [
              3.8211689036237937,
              51.32937713361206
            ],
            [
              3.8213473419656427,
              51.32909035567789
            ],
            [
              3.8215962172681053,
              51.32869520416968
            ],
            [
              3.821803760823336,
              51.32835871473073
            ],
            [
              3.821877209511736,
              51.328240780252486
            ],
            [
              3.82206572764858,
              51.327939725557044
            ],
            [
              3.822245189826244,
              51.32765288817317
            ],
            [
              3.822050022725753,
              51.3276050717584
            ],
            [
              3.822048564879187,
              51.32760741657529
            ],
            [
              3.8220345615631617,
              51.3276040098924
            ],
            [
              3.82203610546807,
              51.32760166623232
            ],
            [
              3.8217575621062085,
              51.32753348976184
            ],
            [
              3.82193727809708,
              51.32729875420207
            ],
            [
              3.8234053153148495,
              51.327716893651036
            ],
            [
              3.823332992261215,
              51.32784107434288
            ],
            [
              3.823335156416132,
              51.32784157089337
            ],
            [
              3.8233321992404252,
              51.32784663758748
            ],
            [
              3.8233300494283413,
              51.32784614122956
            ],
            [
              3.823195327044316,
              51.32807745558188
            ],
            [
              3.8231974915163423,
              51.328077943148934
            ],
            [
              3.823194548652955,
              51.32808301003195
            ],
            [
              3.8231923841807194,
              51.328082522464854
            ],
            [
              3.8231587377099707,
              51.32814029080418
            ],
            [
              3.8230574815090694,
              51.32831403203039
            ],
            [
              3.8230596316475904,
              51.328314519407385
            ],
            [
              3.823056688753448,
              51.32831958628676
            ],
            [
              3.8230545386147194,
              51.32831909890967
            ],
            [
              3.8229473512121763,
              51.32850301814571
            ],
            [
              3.822919907168069,
              51.32855018943224
            ],
            [
              3.822922057316178,
              51.32855067681182
            ],
            [
              3.8229191143913357,
              51.3285557436875
            ],
            [
              3.822916949899761,
              51.32855525611523
            ],
            [
              3.822782382001274,
              51.32878654512635
            ],
            [
              3.822784546194756,
              51.328787041687185
            ],
            [
              3.8227816032392106,
              51.32879210855927
            ],
            [
              3.822779424702188,
              51.32879161180567
            ],
            [
              3.8226445964912865,
              51.32902333768871
            ],
            [
              3.8226467466586094,
              51.32902382507344
            ],
            [
              3.8226438174005337,
              51.329028910106565
            ],
            [
              3.8226416391613642,
              51.32902840436435
            ],
            [
              3.8225068624164678,
              51.329259843105106
            ]
          ]
        ]
      }
    },
    {
      "type": "Feature",
      "properties": {
        "kind": "water",
        "bgtType": "waterloop",
        "bgtPlusType": null,
        "bgtLokaalId": "L0002.446133185cdc45f98226fd97868be678",
        "bgtStatus": "bestaand",
        "bronhouder": "L0002",
        "lvPublicatiedatum": "2025-11-27T11:35:20Z",
        "_source": "bgt",
        "_retrievedAt": "2026-09-14T08:58:37Z"
      },
      "geometry": {
        "type": "Polygon",
        "coordinates": [
          [
            [
              3.816930552886199,
              51.32963941935388
            ],
            [
              3.8169216463412794,
              51.32964888277371
            ],
            [
              3.8169062836422496,
              51.32964201391462
            ],
            [
              3.8169049658863496,
              51.329641942205114
            ],
            [
              3.816912211168425,
              51.32963363409757
            ],
            [
              3.817071508152379,
              51.32945080034446
            ],
            [
              3.8171491523647747,
              51.32935735156239
            ],
            [
              3.8172473666479503,
              51.3292332089303
            ],
            [
              3.817372104791796,
              51.32907255511002
            ],
            [
              3.817395045356429,
              51.32907688294997
            ],
            [
              3.8173538297553824,
              51.329131266244175
            ],
            [
              3.817174390860776,
              51.3293582851732
            ],
            [
              3.817046301829844,
              51.32951117106459
            ],
            [
              3.817031120319464,
              51.32951866195437
            ],
            [
              3.8169910097262925,
              51.329567171468966
            ],
            [
              3.816930552886199,
              51.32963941935388
            ]
          ]
        ]
      }
    },
    {
      "type": "Feature",
      "properties": {
        "kind": "water",
        "bgtType": "waterloop",
        "bgtPlusType": null,
        "bgtLokaalId": "L0002.45ce68b1779c433e9733ab85ebb9a964",
        "bgtStatus": "bestaand",
        "bronhouder": "L0002",
        "lvPublicatiedatum": "2025-11-27T11:35:20Z",
        "_source": "bgt",
        "_retrievedAt": "2026-09-14T08:58:37Z"
      },
      "geometry": {
        "type": "Polygon",
        "coordinates": [
          [
            [
              3.8200572058316427,
              51.33154831532515
            ],
            [
              3.820082627914234,
              51.33140874361055
            ],
            [
              3.8201033723346525,
              51.331319372912226
            ],
            [
              3.8201335072159104,
              51.331225246913036
            ],
            [
              3.8201641868137513,
              51.33113657627106
            ],
            [
              3.820191482245155,
              51.33107084791614
            ],
            [
              3.82021045115697,
              51.33107301805238
            ],
            [
              3.8201760143095926,
              51.33114696621477
            ],
            [
              3.8201481540379736,
              51.33123209671367
            ],
            [
              3.8201216901081487,
              51.33132044649132
            ],
            [
              3.8200950627069687,
              51.33143825480623
            ],
            [
              3.8200740364506287,
              51.331555095628595
            ],
            [
              3.820055168658891,
              51.33167971500763
            ],
            [
              3.820041857442327,
              51.33179797220447
            ],
            [
              3.8200416808992164,
              51.33192407475094
            ],
            [
              3.820052852510653,
              51.332075808105316
            ],
            [
              3.8200957824732735,
              51.33239329777074
            ],
            [
              3.8200794506506317,
              51.3323937253004
            ],
            [
              3.820073811164689,
              51.33238701467959
            ],
            [
              3.8200353126227604,
              51.33209933306314
            ],
            [
              3.820022535012391,
              51.331988159660746
            ],
            [
              3.820018432248051,
              51.331866323793896
            ],
            [
              3.8200355181941767,
              51.331684440117066
            ],
            [
              3.8200572058316427,
              51.33154831532515
            ]
          ]
        ]
      }
    },
    {
      "type": "Feature",
      "properties": {
        "kind": "water",
        "bgtType": "waterloop",
        "bgtPlusType": null,
        "bgtLokaalId": "L0002.479b0dcd8d2649429e7c8f960d67d9ca",
        "bgtStatus": "bestaand",
        "bronhouder": "L0002",
        "lvPublicatiedatum": "2025-11-27T11:35:20Z",
        "_source": "bgt",
        "_retrievedAt": "2026-09-14T08:58:37Z"
      },
      "geometry": {
        "type": "Polygon",
        "coordinates": [
          [
            [
              3.8182204148204617,
              51.329934753127034
            ],
            [
              3.818256454072815,
              51.32987731506045
            ],
            [
              3.818251627973797,
              51.3298761892029
            ],
            [
              3.818257775219312,
              51.329866418804734
            ],
            [
              3.818262603168184,
              51.329867490746004
            ],
            [
              3.8184013268772867,
              51.329645495605114
            ],
            [
              3.818396402861428,
              51.329644296513074
            ],
            [
              3.818402503929383,
              51.32963461538725
            ],
            [
              3.8184074154513374,
              51.32963576036984
            ],
            [
              3.8185460614001445,
              51.32941389887233
            ],
            [
              3.818541094683195,
              51.32941269022085
            ],
            [
              3.8185473022615546,
              51.32940283071941
            ],
            [
              3.818552228105856,
              51.32940397588904
            ],
            [
              3.818690888523748,
              51.329182069474086
            ],
            [
              3.8186860945659524,
              51.32918084517508
            ],
            [
              3.8186920887798372,
              51.32917092885171
            ],
            [
              3.818697113773459,
              51.32917211131144
            ],
            [
              3.8188358030027683,
              51.328950160172134
            ],
            [
              3.8188309965719314,
              51.32894888176993
            ],
            [
              3.818837127682067,
              51.328939156076615
            ],
            [
              3.8188419521554104,
              51.328940326839636
            ],
            [
              3.818980927905614,
              51.32871792988913
            ],
            [
              3.8189760841759,
              51.32871690271494
            ],
            [
              3.818981962446945,
              51.328707434324244
            ],
            [
              3.8189867282933125,
              51.328708640252614
            ],
            [
              3.819125642168861,
              51.328486332208726
            ],
            [
              3.819120745095013,
              51.32848518744995
            ],
            [
              3.8191267799937294,
              51.32847533458461
            ],
            [
              3.819131730432002,
              51.32847659693375
            ],
            [
              3.8192703995256596,
              51.32825468998922
            ],
            [
              3.819265749388779,
              51.32825345865951
            ],
            [
              3.8192719214917648,
              51.32824378743757
            ],
            [
              3.819276473383527,
              51.32824495451319
            ],
            [
              3.8193580371639513,
              51.32811443672071
            ],
            [
              3.8193529390122762,
              51.328113298254415
            ],
            [
              3.8193592069993776,
              51.32810334063399
            ],
            [
              3.819364071961848,
              51.32810458384248
            ],
            [
              3.819430266918425,
              51.32799790776438
            ],
            [
              3.8194254678247854,
              51.32799683625831
            ],
            [
              3.819431618261513,
              51.32798695796313
            ],
            [
              3.819436401470161,
              51.32798807420589
            ],
            [
              3.8195373400558648,
              51.32782648642455
            ],
            [
              3.8195327613619905,
              51.32782526505703
            ],
            [
              3.819538760617366,
              51.32781560947537
            ],
            [
              3.819543397915218,
              51.32781679567092
            ],
            [
              3.819601756698074,
              51.32772310368457
            ],
            [
              3.819970228912801,
              51.327812993186214
            ],
            [
              3.820338702587317,
              51.32790288152772
            ],
            [
              3.8202789521629,
              51.32799785871877
            ],
            [
              3.8202837583619775,
              51.327998723511435
            ],
            [
              3.820277855636082,
              51.32800849730106
            ],
            [
              3.8202731219025146,
              51.32800719296549
            ],
            [
              3.8201730386265695,
              51.32816733646676
            ],
            [
              3.8201777825398726,
              51.32816834426807
            ],
            [
              3.8201717890893514,
              51.3281782516842
            ],
            [
              3.8201670107716215,
              51.328176991695315
            ],
            [
              3.820100054785596,
              51.32828414340545
            ],
            [
              3.820105039154198,
              51.32828525333711
            ],
            [
              3.8200988317572317,
              51.32829512191008
            ],
            [
              3.820093906300764,
              51.32829396782019
            ],
            [
              3.8200125571108847,
              51.328424138382395
            ],
            [
              3.820017541184455,
              51.32842525730386
            ],
            [
              3.8200117200915806,
              51.32843515804159
            ],
            [
              3.8200064989607725,
              51.328433838146225
            ],
            [
              3.819867726929359,
              51.32865590637512
            ],
            [
              3.819873006687003,
              51.328657191104924
            ],
            [
              3.8198668508461515,
              51.32866680863577
            ],
            [
              3.819861669025479,
              51.328665597145104
            ],
            [
              3.8197227743584925,
              51.32888785235494
            ],
            [
              3.819727856721598,
              51.32888903554242
            ],
            [
              3.8197218377806896,
              51.32889884370204
            ],
            [
              3.819716746620196,
              51.32889749857308
            ],
            [
              3.819577881069607,
              51.329119700071956
            ],
            [
              3.8195830913126265,
              51.32912092094759
            ],
            [
              3.8195768696526176,
              51.32913078031232
            ],
            [
              3.819571792814119,
              51.32912943537002
            ],
            [
              3.8194330162200325,
              51.32935151204229
            ],
            [
              3.819438269207724,
              51.329352742489796
            ],
            [
              3.8194322644862018,
              51.32936255082684
            ],
            [
              3.8194269581304585,
              51.32936120278858
            ],
            [
              3.819288196311855,
              51.329583225557165
            ],
            [
              3.8192933782208263,
              51.329584437073656
            ],
            [
              3.8192871866627147,
              51.32959425187842
            ],
            [
              3.8192821680805586,
              51.329592880737735
            ],
            [
              3.8191433285027063,
              51.32981503715006
            ],
            [
              3.819148394760067,
              51.32981627408609
            ],
            [
              3.819142252952081,
              51.32982589176996
            ],
            [
              3.8191372098320118,
              51.32982481696808
            ],
            [
              3.818998535864985,
              51.33004670574382
            ],
            [
              3.819003587800263,
              51.330047942493074
            ],
            [
              3.8189974513328906,
              51.330057820956334
            ],
            [
              3.818992400938258,
              51.330056539276775
            ],
            [
              3.8189679858207217,
              51.33009558739822
            ],
            [
              3.8182204148204617,
              51.329934753127034
            ]
          ]
        ]
      }
    },
    {
      "type": "Feature",
      "properties": {
        "kind": "water",
        "bgtType": "waterloop",
        "bgtPlusType": null,
        "bgtLokaalId": "L0002.4887e26262e34e8c98281fd986b5df1d",
        "bgtStatus": "bestaand",
        "bronhouder": "L0002",
        "lvPublicatiedatum": "2025-11-27T11:35:20Z",
        "_source": "bgt",
        "_retrievedAt": "2026-09-14T08:58:37Z"
      },
      "geometry": {
        "type": "Polygon",
        "coordinates": [
          [
            [
              3.8188828641958006,
              51.333553683250734
            ],
            [
              3.818869599988429,
              51.333573022264694
            ],
            [
              3.818833163969052,
              51.3336657954994
            ],
            [
              3.818826301568168,
              51.333713539716015
            ],
            [
              3.8188115937633396,
              51.33371263142845
            ],
            [
              3.8188216798040218,
              51.3336562641121
            ],
            [
              3.818859542573599,
              51.33357251823206
            ],
            [
              3.8188731055247835,
              51.33355074690937
            ],
            [
              3.8188828641958006,
              51.333553683250734
            ]
          ]
        ]
      }
    },
    {
      "type": "Feature",
      "properties": {
        "kind": "water",
        "bgtType": "waterloop",
        "bgtPlusType": null,
        "bgtLokaalId": "L0002.4cfb0612635746769a1cf74517392bcf",
        "bgtStatus": "bestaand",
        "bronhouder": "L0002",
        "lvPublicatiedatum": "2025-11-27T11:35:20Z",
        "_source": "bgt",
        "_retrievedAt": "2026-09-14T08:58:37Z"
      },
      "geometry": {
        "type": "Polygon",
        "coordinates": [
          [
            [
              3.819008885014145,
              51.33300993834406
            ],
            [
              3.8190087670965713,
              51.33301462961862
            ],
            [
              3.8190085904479036,
              51.33302145076973
            ],
            [
              3.8190034425722765,
              51.33302132751159
            ],
            [
              3.8190026967009683,
              51.33301504233817
            ],
            [
              3.8190022712396825,
              51.33301154842804
            ],
            [
              3.8189810672888056,
              51.33297578774731
            ],
            [
              3.8189605603296135,
              51.33294564630625
            ],
            [
              3.8189488140391195,
              51.33291197282622
            ],
            [
              3.818941191389745,
              51.33288443221964
            ],
            [
              3.8189411320984825,
              51.33286022991617
            ],
            [
              3.8189573700497714,
              51.332793534826656
            ],
            [
              3.8189569036730653,
              51.332767394157536
            ],
            [
              3.818948388674109,
              51.33274494794471
            ],
            [
              3.818930109770534,
              51.33271846852312
            ],
            [
              3.8189353000033175,
              51.33271693816611
            ],
            [
              3.8189579467844657,
              51.33274577788376
            ],
            [
              3.81896415200577,
              51.332768201983455
            ],
            [
              3.8189643145363994,
              51.332794833019705
            ],
            [
              3.818948150463195,
              51.33286063008915
            ],
            [
              3.8189478992195585,
              51.33288175357702
            ],
            [
              3.8189488613305764,
              51.33289804770848
            ],
            [
              3.8189652643459464,
              51.33293988402633
            ],
            [
              3.8189902305682963,
              51.33297557849857
            ],
            [
              3.8190038977496883,
              51.33299384173829
            ],
            [
              3.819008885014145,
              51.33300993834406
            ]
          ]
        ]
      }
    },
    {
      "type": "Feature",
      "properties": {
        "kind": "water",
        "bgtType": "waterloop",
        "bgtPlusType": null,
        "bgtLokaalId": "L0002.4d8c600fc2464f7ea9265f9b7eecac5f",
        "bgtStatus": "bestaand",
        "bronhouder": "L0002",
        "lvPublicatiedatum": "2025-11-27T11:35:20Z",
        "_source": "bgt",
        "_retrievedAt": "2026-09-14T08:58:37Z"
      },
      "geometry": {
        "type": "Polygon",
        "coordinates": [
          [
            [
              3.819229219474998,
              51.33506883699876
            ],
            [
              3.8192386635270887,
              51.33498558044033
            ],
            [
              3.8192499306177803,
              51.33493075731905
            ],
            [
              3.8192624820316383,
              51.33492843602116
            ],
            [
              3.8192498919810545,
              51.334998812284
            ],
            [
              3.8192417045320517,
              51.335070542399485
            ],
            [
              3.819229219474998,
              51.33506883699876
            ]
          ]
        ]
      }
    },
    {
      "type": "Feature",
      "properties": {
        "kind": "water",
        "bgtType": "waterloop",
        "bgtPlusType": null,
        "bgtLokaalId": "L0002.4f3ee88300ac4c7caf8ef252ff526beb",
        "bgtStatus": "bestaand",
        "bronhouder": "L0002",
        "lvPublicatiedatum": "2025-11-27T11:35:20Z",
        "_source": "bgt",
        "_retrievedAt": "2026-09-14T08:58:37Z"
      },
      "geometry": {
        "type": "Polygon",
        "coordinates": [
          [
            [
              3.820268267789492,
              51.328802639687716
            ],
            [
              3.8201848026141016,
              51.32893298867393
            ],
            [
              3.82010856117228,
              51.32906148394657
            ],
            [
              3.8200367830681548,
              51.32917153749264
            ],
            [
              3.82003060704303,
              51.32920183212241
            ],
            [
              3.8200315615594107,
              51.32922840189215
            ],
            [
              3.8200402199227184,
              51.32925168604407
            ],
            [
              3.820053996210003,
              51.3292730252718
            ],
            [
              3.820079584071504,
              51.32929306703817
            ],
            [
              3.8201074135410855,
              51.329309255215
            ],
            [
              3.8201327590672918,
              51.32932004283663
            ],
            [
              3.820194482139306,
              51.32933794569079
            ],
            [
              3.8201911877671364,
              51.32934153338592
            ],
            [
              3.8201336432366713,
              51.329326482696544
            ],
            [
              3.820101171972431,
              51.32931300103214
            ],
            [
              3.820075608224461,
              51.329298533492675
            ],
            [
              3.8200510243350996,
              51.329280599942535
            ],
            [
              3.8200368779537826,
              51.32926461386778
            ],
            [
              3.8200270360278004,
              51.329245296427885
            ],
            [
              3.820019061498825,
              51.32922508712109
            ],
            [
              3.820018840107943,
              51.329203921311475
            ],
            [
              3.820023769790271,
              51.32918486558688
            ],
            [
              3.820032409625899,
              51.3291655810954
            ],
            [
              3.820057268081761,
              51.329121513230405
            ],
            [
              3.820111142314456,
              51.32903809932025
            ],
            [
              3.820247230371038,
              51.32881772080123
            ],
            [
              3.8203809633368833,
              51.32860195835835
            ],
            [
              3.820448453801984,
              51.32849386072395
            ],
            [
              3.820474596981315,
              51.32845917780342
            ],
            [
              3.8204828703287848,
              51.32846104218925
            ],
            [
              3.82043029771903,
              51.32854671232169
            ],
            [
              3.820354596529602,
              51.32866283556754
            ],
            [
              3.820268267789492,
              51.328802639687716
            ]
          ]
        ]
      }
    },
    {
      "type": "Feature",
      "properties": {
        "kind": "water",
        "bgtType": "waterloop",
        "bgtPlusType": null,
        "bgtLokaalId": "L0002.5dac1285af004a0081bcf4fd457e6727",
        "bgtStatus": "bestaand",
        "bronhouder": "L0002",
        "lvPublicatiedatum": "2025-11-27T11:35:20Z",
        "_source": "bgt",
        "_retrievedAt": "2026-09-14T08:58:37Z"
      },
      "geometry": {
        "type": "Polygon",
        "coordinates": [
          [
            [
              3.817725513188323,
              51.32982826671438
            ],
            [
              3.817699957523183,
              51.329822770939266
            ],
            [
              3.8177977121747535,
              51.329664773698575
            ],
            [
              3.8178240291827943,
              51.32961800192574
            ],
            [
              3.8178275179399996,
              51.3296141921612
            ],
            [
              3.8178341574742727,
              51.329613490501316
            ],
            [
              3.8178453139769157,
              51.32961539392677
            ],
            [
              3.8178535059775998,
              51.329618794719735
            ],
            [
              3.8178531692555153,
              51.32962316839063
            ],
            [
              3.817843473481756,
              51.32964057753629
            ],
            [
              3.817725513188323,
              51.32982826671438
            ]
          ]
        ]
      }
    },
    {
      "type": "Feature",
      "properties": {
        "kind": "water",
        "bgtType": "waterloop",
        "bgtPlusType": null,
        "bgtLokaalId": "L0002.68e91f61b3b14d2fa94023e4ffabbdad",
        "bgtStatus": "bestaand",
        "bronhouder": "L0002",
        "lvPublicatiedatum": "2025-11-27T11:35:20Z",
        "_source": "bgt",
        "_retrievedAt": "2026-09-14T08:58:37Z"
      },
      "geometry": {
        "type": "Polygon",
        "coordinates": [
          [
            [
              3.8198395001920775,
              51.3326916934639
            ],
            [
              3.8198797085123855,
              51.332626516542454
            ],
            [
              3.8198928517127886,
              51.332628680244454
            ],
            [
              3.8198974210863264,
              51.33264860099259
            ],
            [
              3.819941839658175,
              51.332795441622224
            ],
            [
              3.819936292824811,
              51.33280486058208
            ],
            [
              3.8199244743725167,
              51.33281135425311
            ],
            [
              3.8198918708914467,
              51.33280375033755
            ],
            [
              3.8198503296507242,
              51.33279103659201
            ],
            [
              3.81982666459648,
              51.33278015467178
            ],
            [
              3.8198084383759174,
              51.33275798238688
            ],
            [
              3.8198395001920775,
              51.3326916934639
            ]
          ]
        ]
      }
    },
    {
      "type": "Feature",
      "properties": {
        "kind": "water",
        "bgtType": "waterloop",
        "bgtPlusType": null,
        "bgtLokaalId": "L0002.6b90ee8cca5341aa8f0173b64d75266e",
        "bgtStatus": "bestaand",
        "bronhouder": "L0002",
        "lvPublicatiedatum": "2025-11-27T11:35:20Z",
        "_source": "bgt",
        "_retrievedAt": "2026-09-14T08:58:37Z"
      },
      "geometry": {
        "type": "Polygon",
        "coordinates": [
          [
            [
              3.8184714887547813,
              51.3320934183173
            ],
            [
              3.8185116548710076,
              51.33213529609813
            ],
            [
              3.818547173638543,
              51.33219968555678
            ],
            [
              3.8185578891324137,
              51.33223410936231
            ],
            [
              3.8185562976454404,
              51.33225162772614
            ],
            [
              3.818551030974469,
              51.332301380248346
            ],
            [
              3.8185410494499616,
              51.332351356949616
            ],
            [
              3.818538228693596,
              51.332422251309005
            ],
            [
              3.818559505488058,
              51.33250521139139
            ],
            [
              3.8185948530000897,
              51.33261766890282
            ],
            [
              3.818611538815535,
              51.33268261379147
            ],
            [
              3.8186359209095087,
              51.332854069850114
            ],
            [
              3.81863863443115,
              51.33291675881118
            ],
            [
              3.818636767194142,
              51.332920149922714
            ],
            [
              3.8186276835225184,
              51.33292138509384
            ],
            [
              3.818624884295131,
              51.33291847953194
            ],
            [
              3.8186251459672502,
              51.33285398765936
            ],
            [
              3.8186016903107887,
              51.332684809596
            ],
            [
              3.8185448793553523,
              51.3325031893868
            ],
            [
              3.8185266780618803,
              51.33242888329899
            ],
            [
              3.8185288288310035,
              51.332360784844916
            ],
            [
              3.8185470345984815,
              51.33225725666141
            ],
            [
              3.8185456206808053,
              51.332235733156914
            ],
            [
              3.818537986169909,
              51.332203949005134
            ],
            [
              3.818491224452114,
              51.332127613015196
            ],
            [
              3.8184600052756745,
              51.33209684171782
            ],
            [
              3.8184462624040956,
              51.33208330621318
            ],
            [
              3.818447230405094,
              51.33208102676177
            ],
            [
              3.818451412928296,
              51.33207916819717
            ],
            [
              3.818456684860165,
              51.3320794369943
            ],
            [
              3.8184714887547813,
              51.3320934183173
            ]
          ]
        ]
      }
    },
    {
      "type": "Feature",
      "properties": {
        "kind": "water",
        "bgtType": "waterloop",
        "bgtPlusType": null,
        "bgtLokaalId": "L0002.6d440f7662ac401f9cbbe44509b02d61",
        "bgtStatus": "bestaand",
        "bronhouder": "L0002",
        "lvPublicatiedatum": "2025-11-27T11:35:20Z",
        "_source": "bgt",
        "_retrievedAt": "2026-09-14T08:58:37Z"
      },
      "geometry": {
        "type": "Polygon",
        "coordinates": [
          [
            [
              3.8194782156876257,
              51.332090315793145
            ],
            [
              3.8194885625321473,
              51.33217818102882
            ],
            [
              3.8194887959873873,
              51.332271367150305
            ],
            [
              3.8194722150858125,
              51.33236231313386
            ],
            [
              3.8194282834676874,
              51.33247368516525
            ],
            [
              3.8194152164948947,
              51.33248812725667
            ],
            [
              3.819406669568523,
              51.332484595939626
            ],
            [
              3.8194170892894985,
              51.3324699294192
            ],
            [
              3.8194564201246433,
              51.33236633487563
            ],
            [
              3.819469660308099,
              51.33227362680345
            ],
            [
              3.8194735978355143,
              51.332179337098424
            ],
            [
              3.8194673966501242,
              51.33211286131086
            ],
            [
              3.81945881785022,
              51.332080138527346
            ],
            [
              3.819431950812717,
              51.33207099346986
            ],
            [
              3.8193994423093796,
              51.332062311870196
            ],
            [
              3.8192995839883976,
              51.33203608277701
            ],
            [
              3.8192825354950517,
              51.33202812171846
            ],
            [
              3.8192663710896704,
              51.33201237809329
            ],
            [
              3.819274291926666,
              51.33199190626177
            ],
            [
              3.819410809696049,
              51.33175310459083
            ],
            [
              3.8194800832947373,
              51.331630044879624
            ],
            [
              3.819504917525896,
              51.331628158611856
            ],
            [
              3.819505825937701,
              51.331664850682124
            ],
            [
              3.8194873087193413,
              51.331746151134325
            ],
            [
              3.8194793515718124,
              51.331843829961585
            ],
            [
              3.8194732949255075,
              51.33194132759802
            ],
            [
              3.8194782156876257,
              51.332090315793145
            ]
          ]
        ]
      }
    },
    {
      "type": "Feature",
      "properties": {
        "kind": "water",
        "bgtType": "waterloop",
        "bgtPlusType": null,
        "bgtLokaalId": "L0002.7c2a8910707243bdb8c5f624c9314095",
        "bgtStatus": "bestaand",
        "bronhouder": "L0002",
        "lvPublicatiedatum": "2025-11-27T11:35:20Z",
        "_source": "bgt",
        "_retrievedAt": "2026-09-14T08:58:37Z"
      },
      "geometry": {
        "type": "Polygon",
        "coordinates": [
          [
            [
              3.8192199529074147,
              51.32788761683251
            ],
            [
              3.8192139678191444,
              51.327885980949155
            ],
            [
              3.8192142485843945,
              51.327882397655976
            ],
            [
              3.8192623310022604,
              51.32780259211497
            ],
            [
              3.819274791905511,
              51.32780578058215
            ],
            [
              3.819246504741953,
              51.327852750890365
            ],
            [
              3.8192263082093563,
              51.32788557173498
            ],
            [
              3.8192199529074147,
              51.32788761683251
            ]
          ]
        ]
      }
    },
    {
      "type": "Feature",
      "properties": {
        "kind": "water",
        "bgtType": "waterloop",
        "bgtPlusType": null,
        "bgtLokaalId": "L0002.7d22665cecb04936b2407141b6912b81",
        "bgtStatus": "bestaand",
        "bronhouder": "L0002",
        "lvPublicatiedatum": "2025-11-27T11:35:20Z",
        "_source": "bgt",
        "_retrievedAt": "2026-09-14T08:58:37Z"
      },
      "geometry": {
        "type": "Polygon",
        "coordinates": [
          [
            [
              3.8263552736424664,
              51.333322259685296
            ],
            [
              3.826428363350457,
              51.333372316407704
            ],
            [
              3.8265862884267468,
              51.33348024670505
            ],
            [
              3.826678166559401,
              51.33354327608184
            ],
            [
              3.8266791901070154,
              51.33354398203756
            ],
            [
              3.826662582555429,
              51.333711767312025
            ],
            [
              3.826650418412442,
              51.33379565317258
            ],
            [
              3.826617627650041,
              51.33385946634847
            ],
            [
              3.8265549328631154,
              51.33390885417651
            ],
            [
              3.8264232735404455,
              51.33398445003264
            ],
            [
              3.8264222078727306,
              51.33398371653981
            ],
            [
              3.826163994272168,
              51.333805163804236
            ],
            [
              3.825914798386179,
              51.33363240414694
            ],
            [
              3.825767025656148,
              51.333530632440315
            ],
            [
              3.8256269514618846,
              51.33343541868825
            ],
            [
              3.8255104081339555,
              51.33350207321482
            ],
            [
              3.825276424731492,
              51.33334034926455
            ],
            [
              3.8248725267531896,
              51.33306098401985
            ],
            [
              3.8244902496917996,
              51.33279705583883
            ],
            [
              3.8237574368036054,
              51.3322910721929
            ],
            [
              3.8234596988055833,
              51.33208504816958
            ],
            [
              3.823422234525214,
              51.332080256824185
            ],
            [
              3.8232684447524807,
              51.332112273377405
            ],
            [
              3.823257646723029,
              51.332119581207294
            ],
            [
              3.8232166442198254,
              51.3322186054889
            ],
            [
              3.823137274027428,
              51.33241219432242
            ],
            [
              3.823134672116217,
              51.332420709012226
            ],
            [
              3.82313400896998,
              51.3324287642712
            ],
            [
              3.8230447934635365,
              51.332653794234034
            ],
            [
              3.8230084672034566,
              51.332744889009405
            ],
            [
              3.8230077271932252,
              51.33274680296267
            ],
            [
              3.8229931031086335,
              51.3327849675199
            ],
            [
              3.822984326761252,
              51.332807837459484
            ],
            [
              3.822984401867307,
              51.33280773957661
            ],
            [
              3.8229170934877037,
              51.33298178386559
            ],
            [
              3.8224778960550174,
              51.332921187826834
            ],
            [
              3.8223399067466484,
              51.3329019738212
            ],
            [
              3.82224357179476,
              51.33288800325447
            ],
            [
              3.8223106817437977,
              51.3326963539481
            ],
            [
              3.8223610594634643,
              51.33255620911911
            ],
            [
              3.8224021618299813,
              51.33243253546585
            ],
            [
              3.8224344016835303,
              51.332331721551995
            ],
            [
              3.822442179715807,
              51.332306159173285
            ],
            [
              3.8224508774425594,
              51.3323069682758
            ],
            [
              3.8224585972758054,
              51.33228100954749
            ],
            [
              3.8224707757484406,
              51.332248475991236
            ],
            [
              3.8224704073684683,
              51.332246241484256
            ],
            [
              3.8224679677023237,
              51.33224582212928
            ],
            [
              3.8222622001709405,
              51.33221865806076
            ],
            [
              3.822262635512772,
              51.33221600282559
            ],
            [
              3.822258646039091,
              51.3322155806212
            ],
            [
              3.8222740033246803,
              51.33217194201075
            ],
            [
              3.82227835509672,
              51.33217226120117
            ],
            [
              3.822279258571371,
              51.332169765088956
            ],
            [
              3.8224802773966284,
              51.33219646077125
            ],
            [
              3.8224861326806674,
              51.33219645852855
            ],
            [
              3.822488211310282,
              51.33219568633237
            ],
            [
              3.8224895576823137,
              51.332194086194214
            ],
            [
              3.8225073880706155,
              51.33213814629418
            ],
            [
              3.822525531951686,
              51.332081850997426
            ],
            [
              3.822552639969438,
              51.33199678178366
            ],
            [
              3.8225969580897643,
              51.3318663367368
            ],
            [
              3.8226245253695508,
              51.331792996835695
            ],
            [
              3.82265654130039,
              51.33170079242325
            ],
            [
              3.822718235311976,
              51.33151507556725
            ],
            [
              3.8227586550833133,
              51.33139284004507
            ],
            [
              3.822775066871119,
              51.33134268868947
            ],
            [
              3.8227891410940047,
              51.33134447799689
            ],
            [
              3.8228038021972424,
              51.33134631114674
            ],
            [
              3.8228708011569634,
              51.33115273616461
            ],
            [
              3.823796068692436,
              51.33141512315129
            ],
            [
              3.823885459613711,
              51.33161650679139
            ],
            [
              3.823903644880549,
              51.33165796174567
            ],
            [
              3.824081705397424,
              51.33177894084282
            ],
            [
              3.8243442648494397,
              51.3319582579428
            ],
            [
              3.8245289785365832,
              51.33208366785664
            ],
            [
              3.8247531041430087,
              51.33223669353889
            ],
            [
              3.824881889556744,
              51.33232487050786
            ],
            [
              3.825368283553392,
              51.33265679274834
            ],
            [
              3.8257400817968663,
              51.332910823211584
            ],
            [
              3.82578521842637,
              51.332935126389856
            ],
            [
              3.825793574987085,
              51.332939625616795
            ],
            [
              3.826102675790834,
              51.333150416761114
            ],
            [
              3.8262896143347715,
              51.33327735496333
            ],
            [
              3.8263552736424664,
              51.333322259685296
            ]
          ]
        ]
      }
    },
    {
      "type": "Feature",
      "properties": {
        "kind": "water",
        "bgtType": "waterloop",
        "bgtPlusType": null,
        "bgtLokaalId": "L0002.81d8006e069044ee81342d0f33510fc2",
        "bgtStatus": "bestaand",
        "bronhouder": "L0002",
        "lvPublicatiedatum": "2025-11-27T11:35:20Z",
        "_source": "bgt",
        "_retrievedAt": "2026-09-14T08:58:37Z"
      },
      "geometry": {
        "type": "Polygon",
        "coordinates": [
          [
            [
              3.819256023897481,
              51.3360934104079
            ],
            [
              3.819253127425751,
              51.33609835196081
            ],
            [
              3.8192345214296246,
              51.336095584233334
            ],
            [
              3.8191844320419173,
              51.336090567643105
            ],
            [
              3.819123193912268,
              51.336082119522864
            ],
            [
              3.819046872007998,
              51.33606780448119
            ],
            [
              3.8189630774301597,
              51.33604958593383
            ],
            [
              3.8188828035137417,
              51.33603626042807
            ],
            [
              3.8188844444057155,
              51.33603194027799
            ],
            [
              3.8189747202995408,
              51.33604698272582
            ],
            [
              3.819069905294567,
              51.33606619071086
            ],
            [
              3.819141794088776,
              51.33607961895832
            ],
            [
              3.819203243702768,
              51.336088177797876
            ],
            [
              3.819256023897481,
              51.3360934104079
            ]
          ]
        ]
      }
    },
    {
      "type": "Feature",
      "properties": {
        "kind": "water",
        "bgtType": "waterloop",
        "bgtPlusType": null,
        "bgtLokaalId": "L0002.84ee4d9f0398469dafb5f010011c1fc5",
        "bgtStatus": "bestaand",
        "bronhouder": "L0002",
        "lvPublicatiedatum": "2025-11-27T11:35:20Z",
        "_source": "bgt",
        "_retrievedAt": "2026-09-14T08:58:37Z"
      },
      "geometry": {
        "type": "Polygon",
        "coordinates": [
          [
            [
              3.8182951161389194,
              51.33137349286645
            ],
            [
              3.8183471122659136,
              51.33129019826716
            ],
            [
              3.8185416786417252,
              51.33133788681761
            ],
            [
              3.818777103007076,
              51.331395582948154
            ],
            [
              3.819029135631219,
              51.33145735002152
            ],
            [
              3.8191177814867916,
              51.331479068163496
            ],
            [
              3.8190653734974247,
              51.331562690185315
            ],
            [
              3.818976601491138,
              51.331540880404546
            ],
            [
              3.818722865375654,
              51.33147855985939
            ],
            [
              3.8184886973858556,
              51.33142104236891
            ],
            [
              3.8182951161389194,
              51.33137349286645
            ]
          ]
        ]
      }
    },
    {
      "type": "Feature",
      "properties": {
        "kind": "water",
        "bgtType": "waterloop",
        "bgtPlusType": null,
        "bgtLokaalId": "L0002.91652d96ec064f7a9fc056d5ddac79c8",
        "bgtStatus": "bestaand",
        "bronhouder": "L0002",
        "lvPublicatiedatum": "2025-11-27T11:35:20Z",
        "_source": "bgt",
        "_retrievedAt": "2026-09-14T08:58:37Z"
      },
      "geometry": {
        "type": "Polygon",
        "coordinates": [
          [
            [
              3.8191261389243256,
              51.335495623384816
            ],
            [
              3.8191606446113924,
              51.335291822605576
            ],
            [
              3.8192112490317176,
              51.33529393333748
            ],
            [
              3.819169432287005,
              51.335487036304436
            ],
            [
              3.8191081315341857,
              51.33574603549321
            ],
            [
              3.819080925749613,
              51.33574042793636
            ],
            [
              3.819086761451569,
              51.33571549589255
            ],
            [
              3.8191261389243256,
              51.335495623384816
            ]
          ]
        ]
      }
    },
    {
      "type": "Feature",
      "properties": {
        "kind": "water",
        "bgtType": "waterloop",
        "bgtPlusType": null,
        "bgtLokaalId": "L0002.97b0bc3373fd4450816114f028e67516",
        "bgtStatus": "bestaand",
        "bronhouder": "L0002",
        "lvPublicatiedatum": "2025-11-27T11:35:20Z",
        "_source": "bgt",
        "_retrievedAt": "2026-09-14T08:58:37Z"
      },
      "geometry": {
        "type": "Polygon",
        "coordinates": [
          [
            [
              3.8168835561716947,
              51.33116146747156
            ],
            [
              3.8170193328527398,
              51.33094202331982
            ],
            [
              3.8170325492898116,
              51.33094496149196
            ],
            [
              3.8168948906967173,
              51.33116321156234
            ],
            [
              3.8168835561716947,
              51.33116146747156
            ]
          ]
        ]
      }
    },
    {
      "type": "Feature",
      "properties": {
        "kind": "water",
        "bgtType": "waterloop",
        "bgtPlusType": null,
        "bgtLokaalId": "L0002.97e8c4898e4b41eb80202233e8e470c1",
        "bgtStatus": "bestaand",
        "bronhouder": "L0002",
        "lvPublicatiedatum": "2025-11-27T11:35:20Z",
        "_source": "bgt",
        "_retrievedAt": "2026-09-14T08:58:37Z"
      },
      "geometry": {
        "type": "Polygon",
        "coordinates": [
          [
            [
              3.8191863791874106,
              51.33014257089126
            ],
            [
              3.8191780884719386,
              51.33014078709337
            ],
            [
              3.8192975877422173,
              51.32994991671738
            ],
            [
              3.819487090421798,
              51.32964973331571
            ],
            [
              3.819654129783172,
              51.3293789237736
            ],
            [
              3.8196574690609046,
              51.329369843711234
            ],
            [
              3.8196648108011173,
              51.329370841549135
            ],
            [
              3.8196546698277807,
              51.329391211598534
            ],
            [
              3.8194721311970876,
              51.329690500088006
            ],
            [
              3.819281727697307,
              51.32999141752231
            ],
            [
              3.8191863791874106,
              51.33014257089126
            ]
          ]
        ]
      }
    },
    {
      "type": "Feature",
      "properties": {
        "kind": "water",
        "bgtType": "waterloop",
        "bgtPlusType": null,
        "bgtLokaalId": "L0002.9c9ae01a583e4f0499ff0b16ab01a38e",
        "bgtStatus": "bestaand",
        "bronhouder": "L0002",
        "lvPublicatiedatum": "2025-11-27T11:35:20Z",
        "_source": "bgt",
        "_retrievedAt": "2026-09-14T08:58:37Z"
      },
      "geometry": {
        "type": "Polygon",
        "coordinates": [
          [
            [
              3.8194612735327977,
              51.33406691534434
            ],
            [
              3.8194547061105464,
              51.334094363789
            ],
            [
              3.819436851830739,
              51.3340931345317
            ],
            [
              3.819435428671669,
              51.3340722851814
            ],
            [
              3.8194474864976744,
              51.334014478965365
            ],
            [
              3.8195024753320728,
              51.333778283593816
            ],
            [
              3.819511285961618,
              51.333742756220786
            ],
            [
              3.8195348379584857,
              51.33374983384274
            ],
            [
              3.8195319699522376,
              51.333762318525885
            ],
            [
              3.8194612735327977,
              51.33406691534434
            ]
          ]
        ]
      }
    },
    {
      "type": "Feature",
      "properties": {
        "kind": "water",
        "bgtType": "waterloop",
        "bgtPlusType": null,
        "bgtLokaalId": "L0002.9ea14372a91548a39e65ecd1f61d1b94",
        "bgtStatus": "bestaand",
        "bronhouder": "L0002",
        "lvPublicatiedatum": "2025-11-27T11:35:20Z",
        "_source": "bgt",
        "_retrievedAt": "2026-09-14T08:58:37Z"
      },
      "geometry": {
        "type": "Polygon",
        "coordinates": [
          [
            [
              3.818215806246411,
              51.33149954526409
            ],
            [
              3.8184103593359984,
              51.33154722485737
            ],
            [
              3.8186457986440105,
              51.33160493043587
            ],
            [
              3.818897832239064,
              51.33166669779696
            ],
            [
              3.8189864640919273,
              51.331688415846884
            ],
            [
              3.8189340559271203,
              51.33177202882083
            ],
            [
              3.8188452976149216,
              51.331750228117876
            ],
            [
              3.8185915605223575,
              51.33168790728312
            ],
            [
              3.8183573772866493,
              51.33163038933214
            ],
            [
              3.818163795294313,
              51.33158283960871
            ],
            [
              3.818215806246411,
              51.33149954526409
            ]
          ]
        ]
      }
    },
    {
      "type": "Feature",
      "properties": {
        "kind": "water",
        "bgtType": "waterloop",
        "bgtPlusType": null,
        "bgtLokaalId": "L0002.a3716f36badb46078cb293191ade551f",
        "bgtStatus": "bestaand",
        "bronhouder": "L0002",
        "lvPublicatiedatum": "2025-11-27T11:35:20Z",
        "_source": "bgt",
        "_retrievedAt": "2026-09-14T08:58:37Z"
      },
      "geometry": {
        "type": "Polygon",
        "coordinates": [
          [
            [
              3.823796068692436,
              51.33141512315129
            ],
            [
              3.8228708011569634,
              51.33115273616461
            ],
            [
              3.8228711368293062,
              51.33115173377652
            ],
            [
              3.8228688940364606,
              51.331151433945934
            ],
            [
              3.822870724758157,
              51.331146163337706
            ],
            [
              3.8228729672431983,
              51.33114647215431
            ],
            [
              3.822956514780584,
              51.33090584919696
            ],
            [
              3.8229542719992073,
              51.33090554936804
            ],
            [
              3.8229560883569276,
              51.33090027856568
            ],
            [
              3.8229583308305153,
              51.33090058738058
            ],
            [
              3.8230419100318773,
              51.330660270458246
            ],
            [
              3.823039667261957,
              51.330659970631025
            ],
            [
              3.823041497636178,
              51.33065470900589
            ],
            [
              3.8230437407133757,
              51.33065499984704
            ],
            [
              3.8231265684919995,
              51.330416066250855
            ],
            [
              3.823124311697131,
              51.33041575724666
            ],
            [
              3.8231261710467335,
              51.330410487019286
            ],
            [
              3.8231283848098245,
              51.33041079544555
            ],
            [
              3.8232118828973283,
              51.330170279540184
            ],
            [
              3.8232096114627323,
              51.330169979331046
            ],
            [
              3.823211457370901,
              51.33016468195147
            ],
            [
              3.823213713539027,
              51.330165008926
            ],
            [
              3.8232971851026485,
              51.329924402707604
            ],
            [
              3.8232949420595905,
              51.329924111871456
            ],
            [
              3.823296758952805,
              51.32991882309117
            ],
            [
              3.823299015724373,
              51.32991913209196
            ],
            [
              3.823382638728893,
              51.32967826713748
            ],
            [
              3.823380367010108,
              51.3296779759178
            ],
            [
              3.823382183883365,
              51.32967268713603
            ],
            [
              3.8233844693306183,
              51.32967299652036
            ],
            [
              3.8234679329219845,
              51.32943256988723
            ],
            [
              3.8234657045528757,
              51.329432270261044
            ],
            [
              3.823467493333985,
              51.32942696312059
            ],
            [
              3.823469763503747,
              51.3294272992686
            ],
            [
              3.8235535561890606,
              51.329186454461876
            ],
            [
              3.8235512994518417,
              51.32918614546614
            ],
            [
              3.8235531016343214,
              51.329180865474875
            ],
            [
              3.8235553864433958,
              51.32918119282776
            ],
            [
              3.823638674861237,
              51.32894079969256
            ],
            [
              3.8236364324789203,
              51.32894049089113
            ],
            [
              3.823638261791408,
              51.32893525621366
            ],
            [
              3.82364050540304,
              51.32893552907099
            ],
            [
              3.8237239703605965,
              51.328694562881225
            ],
            [
              3.8237217273750046,
              51.32869427205353
            ],
            [
              3.823723516096637,
              51.3286889649087
            ],
            [
              3.8237258008824164,
              51.32868929225819
            ],
            [
              3.8238092123698824,
              51.32844860399
            ],
            [
              3.823806955359907,
              51.32844830398539
            ],
            [
              3.8238087861693577,
              51.32844302437488
            ],
            [
              3.8238110285285054,
              51.328443333172906
            ],
            [
              3.8238941768315766,
              51.3282031807255
            ],
            [
              3.823891919218457,
              51.32820289869466
            ],
            [
              3.823893764658463,
              51.3281976102892
            ],
            [
              3.8238959929703618,
              51.32819790990697
            ],
            [
              3.8239791279690096,
              51.32795728074815
            ],
            [
              3.8239768426032676,
              51.32795697137587
            ],
            [
              3.8239786864866585,
              51.32795172789903
            ],
            [
              3.8239809581237036,
              51.32795201910671
            ],
            [
              3.8240033210322335,
              51.32788722161284
            ],
            [
              3.8248158660803884,
              51.32811863619671
            ],
            [
              3.824808709118712,
              51.32813952318442
            ],
            [
              3.8247339736245483,
              51.32835494034247
            ],
            [
              3.8246816883602963,
              51.32850884241678
            ],
            [
              3.8246050075608133,
              51.32873285495215
            ],
            [
              3.8245825659574364,
              51.32880206566256
            ],
            [
              3.824580016528197,
              51.32880192357215
            ],
            [
              3.8245717169956435,
              51.328804176616536
            ],
            [
              3.8244721615255313,
              51.329092817980275
            ],
            [
              3.8243951873411586,
              51.3293190560107
            ],
            [
              3.8242883670367966,
              51.32962788151749
            ],
            [
              3.8242488373149497,
              51.329746497452206
            ],
            [
              3.8241117447771744,
              51.33014695768032
            ],
            [
              3.8239952190083226,
              51.33048601241262
            ],
            [
              3.823897674622862,
              51.330771021336034
            ],
            [
              3.8237979209364643,
              51.33106478390328
            ],
            [
              3.823728738949558,
              51.331264820963156
            ],
            [
              3.8237811460841367,
              51.33138149744721
            ],
            [
              3.823796068692436,
              51.33141512315129
            ]
          ]
        ]
      }
    },
    {
      "type": "Feature",
      "properties": {
        "kind": "water",
        "bgtType": "waterloop",
        "bgtPlusType": null,
        "bgtLokaalId": "L0002.a77b3b71793f4bb6adf1569bbefea2c3",
        "bgtStatus": "bestaand",
        "bronhouder": "L0002",
        "lvPublicatiedatum": "2025-11-27T11:35:20Z",
        "_source": "bgt",
        "_retrievedAt": "2026-09-14T08:58:37Z"
      },
      "geometry": {
        "type": "Polygon",
        "coordinates": [
          [
            [
              3.818310783035555,
              51.33338156608956
            ],
            [
              3.8175575272218905,
              51.333154933408714
            ],
            [
              3.8183568151930225,
              51.3320598236924
            ],
            [
              3.8183584805227064,
              51.33205938762786
            ],
            [
              3.81836493087286,
              51.33206880630539
            ],
            [
              3.818361120680653,
              51.33206985177805
            ],
            [
              3.818470965184846,
              51.33222699603788
            ],
            [
              3.8184596898133294,
              51.33230755780618
            ],
            [
              3.8184637006970075,
              51.33230777365574
            ],
            [
              3.8184623941714912,
              51.33231782503489
            ],
            [
              3.8184582831844662,
              51.33231759884676
            ],
            [
              3.818422802763512,
              51.3325706793632
            ],
            [
              3.818426896961031,
              51.33257097724749
            ],
            [
              3.8184255603405606,
              51.33258065063419
            ],
            [
              3.818421433751816,
              51.332580460195466
            ],
            [
              3.818381517754259,
              51.332865333084996
            ],
            [
              3.8183801306958767,
              51.332881074149135
            ],
            [
              3.8183626559220007,
              51.33300718644569
            ],
            [
              3.8183516644207076,
              51.33308657431759
            ],
            [
              3.8183540138597234,
              51.333086695868005
            ],
            [
              3.818353240957832,
              51.3330920705616
            ],
            [
              3.818350920516326,
              51.333091940411634
            ],
            [
              3.8183185297288835,
              51.33332563478557
            ],
            [
              3.8183208645268807,
              51.33332576512946
            ],
            [
              3.8183201206146906,
              51.33333113122321
            ],
            [
              3.8183177855079493,
              51.333331009865304
            ],
            [
              3.818310783035555,
              51.33338156608956
            ]
          ]
        ]
      }
    },
    {
      "type": "Feature",
      "properties": {
        "kind": "water",
        "bgtType": "waterloop",
        "bgtPlusType": null,
        "bgtLokaalId": "L0002.a9ebb11c3df44e728c67647f7d30736e",
        "bgtStatus": "bestaand",
        "bronhouder": "L0002",
        "lvPublicatiedatum": "2025-11-27T11:35:20Z",
        "_source": "bgt",
        "_retrievedAt": "2026-09-14T08:58:37Z"
      },
      "geometry": {
        "type": "Polygon",
        "coordinates": [
          [
            [
              3.820628928732877,
              51.32763981440377
            ],
            [
              3.820823467997313,
              51.32768748991568
            ],
            [
              3.82105889057499,
              51.32774519055515
            ],
            [
              3.821310906260128,
              51.327806952629075
            ],
            [
              3.8213995461574815,
              51.32782866901258
            ],
            [
              3.8213471325530612,
              51.32791228293096
            ],
            [
              3.821258380545619,
              51.327890484089956
            ],
            [
              3.821004661476743,
              51.32782816857799
            ],
            [
              3.820770509218677,
              51.32777065573259
            ],
            [
              3.8205769266336906,
              51.32772310987719
            ],
            [
              3.820628928732877,
              51.32763981440377
            ]
          ]
        ]
      }
    },
    {
      "type": "Feature",
      "properties": {
        "kind": "water",
        "bgtType": "waterloop",
        "bgtPlusType": null,
        "bgtLokaalId": "L0002.ac67cc457f5c422cb2f8c4a9e8ecbac8",
        "bgtStatus": "bestaand",
        "bronhouder": "L0002",
        "lvPublicatiedatum": "2025-11-27T11:35:20Z",
        "_source": "bgt",
        "_retrievedAt": "2026-09-14T08:58:37Z"
      },
      "geometry": {
        "type": "Polygon",
        "coordinates": [
          [
            [
              3.8170555976246745,
              51.33090774730408
            ],
            [
              3.817041394550315,
              51.33090470593049
            ],
            [
              3.817152962776969,
              51.33073030858795
            ],
            [
              3.8172719275833185,
              51.33054025110204
            ],
            [
              3.817345621179355,
              51.3304210640309
            ],
            [
              3.8173450510955345,
              51.330414682321496
            ],
            [
              3.8173380104922563,
              51.3304120162277
            ],
            [
              3.817333868720402,
              51.33040976679685
            ],
            [
              3.8173350378785273,
              51.330406644990745
            ],
            [
              3.8174103920884277,
              51.33028463937564
            ],
            [
              3.8175460074342413,
              51.33007057758146
            ],
            [
              3.8176641924556756,
              51.32988056315145
            ],
            [
              3.817699957523183,
              51.329822770939266
            ],
            [
              3.817725513188323,
              51.32982826671438
            ],
            [
              3.817584251240821,
              51.33005302281383
            ],
            [
              3.8173590932697463,
              51.33042073319458
            ],
            [
              3.817264553523352,
              51.33056651084954
            ],
            [
              3.8171728067401096,
              51.330716605402685
            ],
            [
              3.8170648622321455,
              51.33089162698983
            ],
            [
              3.8170555976246745,
              51.33090774730408
            ]
          ]
        ]
      }
    },
    {
      "type": "Feature",
      "properties": {
        "kind": "water",
        "bgtType": "waterloop",
        "bgtPlusType": null,
        "bgtLokaalId": "L0002.b85a0cc480744e6bb2b76516f12a8e2c",
        "bgtStatus": "bestaand",
        "bronhouder": "L0002",
        "lvPublicatiedatum": "2025-11-27T11:35:20Z",
        "_source": "bgt",
        "_retrievedAt": "2026-09-14T08:58:37Z"
      },
      "geometry": {
        "type": "Polygon",
        "coordinates": [
          [
            [
              3.819296915875392,
              51.33309859355649
            ],
            [
              3.8192656454204803,
              51.333111531941654
            ],
            [
              3.819243972677407,
              51.333127494364874
            ],
            [
              3.8192343759631546,
              51.3331357349991
            ],
            [
              3.8192310120187587,
              51.33313381076666
            ],
            [
              3.8192404765299997,
              51.33312482216982
            ],
            [
              3.8192591002249316,
              51.333110724611245
            ],
            [
              3.819289047725404,
              51.33309744477155
            ],
            [
              3.8193233380007845,
              51.333086839524626
            ],
            [
              3.819425387547043,
              51.33306724827179
            ],
            [
              3.8194930425186926,
              51.333046240993134
            ],
            [
              3.8195225556311367,
              51.333041019417706
            ],
            [
              3.8195495989212707,
              51.33303876730213
            ],
            [
              3.819593582818875,
              51.333043449861535
            ],
            [
              3.8196276090971084,
              51.333048906382345
            ],
            [
              3.8196385703114175,
              51.33305067214637
            ],
            [
              3.8196379938534517,
              51.33305408963704
            ],
            [
              3.819626446973301,
              51.33305224406872
            ],
            [
              3.819591192600748,
              51.33304660919445
            ],
            [
              3.819546480845865,
              51.333042645039505
            ],
            [
              3.8195037566429826,
              51.33304851588274
            ],
            [
              3.8194259856718795,
              51.33307198514607
            ],
            [
              3.819326174315491,
              51.33309033891882
            ],
            [
              3.819296915875392,
              51.33309859355649
            ]
          ]
        ]
      }
    },
    {
      "type": "Feature",
      "properties": {
        "kind": "water",
        "bgtType": "waterloop",
        "bgtPlusType": null,
        "bgtLokaalId": "L0002.be32592d9b994896951894d6b044cd12",
        "bgtStatus": "bestaand",
        "bronhouder": "L0002",
        "lvPublicatiedatum": "2025-11-27T11:35:20Z",
        "_source": "bgt",
        "_retrievedAt": "2026-09-14T08:58:37Z"
      },
      "geometry": {
        "type": "Polygon",
        "coordinates": [
          [
            [
              3.8200905539177237,
              51.33036519198043
            ],
            [
              3.820108873638642,
              51.330370383083114
            ],
            [
              3.8200917584251854,
              51.33039744689085
            ],
            [
              3.819880537241359,
              51.330739682609654
            ],
            [
              3.819695278250763,
              51.331026537430745
            ],
            [
              3.8196896854445246,
              51.3310352095762
            ],
            [
              3.8196756911218825,
              51.33103151505421
            ],
            [
              3.8196812327179703,
              51.331022662416984
            ],
            [
              3.8198623905597224,
              51.33073320820864
            ],
            [
              3.8200732554778436,
              51.33039257696563
            ],
            [
              3.8200905539177237,
              51.33036519198043
            ]
          ]
        ]
      }
    },
    {
      "type": "Feature",
      "properties": {
        "kind": "water",
        "bgtType": "waterloop",
        "bgtPlusType": null,
        "bgtLokaalId": "L0002.c4b6e850c77444e9a9658e86ac278f3c",
        "bgtStatus": "bestaand",
        "bronhouder": "L0002",
        "lvPublicatiedatum": "2025-11-27T11:35:20Z",
        "_source": "bgt",
        "_retrievedAt": "2026-09-14T08:58:37Z"
      },
      "geometry": {
        "type": "Polygon",
        "coordinates": [
          [
            [
              3.817976724367704,
              51.32988232052471
            ],
            [
              3.817964245715152,
              51.32987963513315
            ],
            [
              3.818003139649375,
              51.3298172190988
            ],
            [
              3.8182249410694697,
              51.32945926159252
            ],
            [
              3.8184522623984636,
              51.32909465340832
            ],
            [
              3.818466625864063,
              51.32909677078843
            ],
            [
              3.818236687487932,
              51.32946362724224
            ],
            [
              3.818015507080697,
              51.32982105372826
            ],
            [
              3.817976724367704,
              51.32988232052471
            ]
          ]
        ]
      }
    },
    {
      "type": "Feature",
      "properties": {
        "kind": "water",
        "bgtType": "waterloop",
        "bgtPlusType": null,
        "bgtLokaalId": "L0002.c68bc24263ba4860b6faa286dd9f9746",
        "bgtStatus": "bestaand",
        "bronhouder": "L0002",
        "lvPublicatiedatum": "2025-11-27T11:35:20Z",
        "_source": "bgt",
        "_retrievedAt": "2026-09-14T08:58:37Z"
      },
      "geometry": {
        "type": "Polygon",
        "coordinates": [
          [
            [
              3.8181332211275736,
              51.3346629597079
            ],
            [
              3.8181197536612066,
              51.33476009673659
            ],
            [
              3.818122073569603,
              51.33476024486352
            ],
            [
              3.818121372335955,
              51.33476562052126
            ],
            [
              3.8181190087746897,
              51.33476548978653
            ],
            [
              3.8180866105877915,
              51.33499932784439
            ],
            [
              3.818088916780024,
              51.33499945780678
            ],
            [
              3.8180881728112674,
              51.33500482389838
            ],
            [
              3.8180858663102337,
              51.33500470292202
            ],
            [
              3.8180731025006014,
              51.33509680594694
            ],
            [
              3.8180334368770694,
              51.33509295416493
            ],
            [
              3.8177767779004346,
              51.335315805157826
            ],
            [
              3.8175955904315377,
              51.33565617622009
            ],
            [
              3.817378267124301,
              51.33608411857943
            ],
            [
              3.8177890182264522,
              51.3361730019495
            ],
            [
              3.8181802674945193,
              51.33625766546619
            ],
            [
              3.8181407422113627,
              51.33633664194732
            ],
            [
              3.8181429378697964,
              51.33633706709405
            ],
            [
              3.818140378462186,
              51.33634221993505
            ],
            [
              3.8181381687663882,
              51.336341785608965
            ],
            [
              3.8181047612852286,
              51.336408527981035
            ],
            [
              3.817385479580531,
              51.33626522366407
            ],
            [
              3.8168623581718184,
              51.33657205407627
            ],
            [
              3.8124539901227843,
              51.335120594213514
            ],
            [
              3.8145919560466486,
              51.33226282987831
            ],
            [
              3.8175575272218905,
              51.333154933408714
            ],
            [
              3.818310783035555,
              51.33338156608956
            ],
            [
              3.8183066790878835,
              51.333411232269974
            ],
            [
              3.8182853894329276,
              51.33356484800212
            ],
            [
              3.818287695861905,
              51.333564968974244
            ],
            [
              3.8182869516331475,
              51.33357034405369
            ],
            [
              3.8182846455123833,
              51.33357021409554
            ],
            [
              3.8182522515531825,
              51.333803980331204
            ],
            [
              3.818254601028771,
              51.33380410188379
            ],
            [
              3.818253856791928,
              51.333809476962905
            ],
            [
              3.818251507624555,
              51.33380934642434
            ],
            [
              3.8182464546739148,
              51.33384575142761
            ],
            [
              3.81821917115626,
              51.33404268189844
            ],
            [
              3.8182216347866653,
              51.33404282296976
            ],
            [
              3.818220876505303,
              51.334048188869325
            ],
            [
              3.81821842691107,
              51.334048056977274
            ],
            [
              3.818188910077447,
              51.33426112166042
            ],
            [
              3.818186011424778,
              51.33428201169942
            ],
            [
              3.818188345962689,
              51.33428215103217
            ],
            [
              3.818187630708247,
              51.334287517511214
            ],
            [
              3.8181852671714887,
              51.33428738677796
            ],
            [
              3.8181529125705502,
              51.33452081189257
            ],
            [
              3.818155304500968,
              51.334520951999075
            ],
            [
              3.8181545462032895,
              51.334526317898046
            ],
            [
              3.818152168309184,
              51.33452618697081
            ],
            [
              3.8181332211275736,
              51.3346629597079
            ]
          ]
        ]
      }
    },
    {
      "type": "Feature",
      "properties": {
        "kind": "water",
        "bgtType": "waterloop",
        "bgtPlusType": null,
        "bgtLokaalId": "L0002.c830b59d41024a7b967d952df681a668",
        "bgtStatus": "bestaand",
        "bronhouder": "L0002",
        "lvPublicatiedatum": "2025-11-27T11:35:20Z",
        "_source": "bgt",
        "_retrievedAt": "2026-09-14T08:58:37Z"
      },
      "geometry": {
        "type": "Polygon",
        "coordinates": [
          [
            [
              3.8212129163230006,
              51.328589675422315
            ],
            [
              3.8212012598475704,
              51.32860781364166
            ],
            [
              3.8211120791161464,
              51.32874675291716
            ],
            [
              3.8209025501728715,
              51.32908235142349
            ],
            [
              3.820708417081903,
              51.32939613977998
            ],
            [
              3.8206356525269642,
              51.32937631761129
            ],
            [
              3.8208254909328683,
              51.32906349648474
            ],
            [
              3.8210351900886304,
              51.328731739197934
            ],
            [
              3.821130200327488,
              51.32857008832961
            ],
            [
              3.8211555341000913,
              51.328575769164146
            ],
            [
              3.8212129163230006,
              51.328589675422315
            ]
          ]
        ]
      }
    },
    {
      "type": "Feature",
      "properties": {
        "kind": "water",
        "bgtType": "waterloop",
        "bgtPlusType": null,
        "bgtLokaalId": "L0002.c9018cd1ffce43fb9cbde070f2440b46",
        "bgtStatus": "bestaand",
        "bronhouder": "L0002",
        "lvPublicatiedatum": "2025-11-27T11:35:20Z",
        "_source": "bgt",
        "_retrievedAt": "2026-09-14T08:58:37Z"
      },
      "geometry": {
        "type": "Polygon",
        "coordinates": [
          [
            [
              3.8188828641958006,
              51.333553683250734
            ],
            [
              3.8188731055247835,
              51.33355074690937
            ],
            [
              3.8189241244564616,
              51.3334687874113
            ],
            [
              3.818991753182279,
              51.33338625142447
            ],
            [
              3.8191513403143076,
              51.3332189447192
            ],
            [
              3.819166744926746,
              51.33320874152227
            ],
            [
              3.8191875523795886,
              51.33320545257492
            ],
            [
              3.8192162046003264,
              51.33320566752051
            ],
            [
              3.819243418525267,
              51.33320722959906
            ],
            [
              3.8192678172427423,
              51.33320425869171
            ],
            [
              3.819282630540284,
              51.33319790429633
            ],
            [
              3.8193108844733166,
              51.333183792536346
            ],
            [
              3.8193709784992875,
              51.33315728944252
            ],
            [
              3.819405257044634,
              51.33314535347006
            ],
            [
              3.8194357985019467,
              51.33313734982049
            ],
            [
              3.8194461564277176,
              51.33313703974524
            ],
            [
              3.819455235827483,
              51.33313676639936
            ],
            [
              3.819461426894104,
              51.33313785663666
            ],
            [
              3.819464013573207,
              51.333144031733745
            ],
            [
              3.819461413531547,
              51.33314577678499
            ],
            [
              3.8194513419251668,
              51.33314778086533
            ],
            [
              3.8193726746255137,
              51.33316599676752
            ],
            [
              3.819352084941401,
              51.333173397181014
            ],
            [
              3.819287741104278,
              51.33320455389369
            ],
            [
              3.8192692767263936,
              51.33321233352141
            ],
            [
              3.8192468189638595,
              51.33321310999156
            ],
            [
              3.819190236895482,
              51.3332154677928
            ],
            [
              3.8191713175182276,
              51.33321768536204
            ],
            [
              3.819160975430297,
              51.333224225805324
            ],
            [
              3.819013253151747,
              51.333384113582355
            ],
            [
              3.818935814640097,
              51.33347649656102
            ],
            [
              3.8188828641958006,
              51.333553683250734
            ]
          ]
        ]
      }
    },
    {
      "type": "Feature",
      "properties": {
        "kind": "water",
        "bgtType": "waterloop",
        "bgtPlusType": null,
        "bgtLokaalId": "L0002.cc2635a452854a35ae65bb83e987185f",
        "bgtStatus": "bestaand",
        "bronhouder": "L0002",
        "lvPublicatiedatum": "2025-11-27T11:35:20Z",
        "_source": "bgt",
        "_retrievedAt": "2026-09-14T08:58:37Z"
      },
      "geometry": {
        "type": "Polygon",
        "coordinates": [
          [
            [
              3.8194025221056256,
              51.33018907416623
            ],
            [
              3.819391553241828,
              51.330186714919954
            ],
            [
              3.8195536626365043,
              51.32992624973753
            ],
            [
              3.8197218308452645,
              51.329655599133865
            ],
            [
              3.8197916141431194,
              51.3295422465043
            ],
            [
              3.8198110343002143,
              51.32952245084013
            ],
            [
              3.819836611795156,
              51.329501785086556
            ],
            [
              3.8198690403898183,
              51.32948554478924
            ],
            [
              3.8199045890580066,
              51.32947331113315
            ],
            [
              3.819935808755063,
              51.32946554125656
            ],
            [
              3.8199682980900596,
              51.32946217565482
            ],
            [
              3.8199969367077373,
              51.32946230034544
            ],
            [
              3.82002922765039,
              51.329465557802784
            ],
            [
              3.8201163762170536,
              51.329486481914934
            ],
            [
              3.8201112998082762,
              51.32949307531115
            ],
            [
              3.8200371958313206,
              51.32947632735778
            ],
            [
              3.8200041930135296,
              51.329470812783455
            ],
            [
              3.819979592901166,
              51.32946967261451
            ],
            [
              3.819951332034515,
              51.329470667782864
            ],
            [
              3.819921575590849,
              51.32947594011209
            ],
            [
              3.8198980185825704,
              51.32948413675728
            ],
            [
              3.8198595642020825,
              51.329501176999585
            ],
            [
              3.8198349523476987,
              51.32951711794147
            ],
            [
              3.819813550636178,
              51.32953694987097
            ],
            [
              3.8196326587796317,
              51.32982296432644
            ],
            [
              3.8194383502846025,
              51.330130221449984
            ],
            [
              3.8194025221056256,
              51.33018907416623
            ]
          ]
        ]
      }
    },
    {
      "type": "Feature",
      "properties": {
        "kind": "water",
        "bgtType": "waterloop",
        "bgtPlusType": null,
        "bgtLokaalId": "L0002.cd0ee81895a9480c97f3634655204a0d",
        "bgtStatus": "bestaand",
        "bronhouder": "L0002",
        "lvPublicatiedatum": "2025-11-27T11:35:20Z",
        "_source": "bgt",
        "_retrievedAt": "2026-09-14T08:58:37Z"
      },
      "geometry": {
        "type": "Polygon",
        "coordinates": [
          [
            [
              3.8193418891196944,
              51.33264187870293
            ],
            [
              3.8192981153611605,
              51.332648652334086
            ],
            [
              3.81925554101419,
              51.332650164874345
            ],
            [
              3.819221857968119,
              51.332645171360674
            ],
            [
              3.8191843514238126,
              51.33263282635072
            ],
            [
              3.8191643223596223,
              51.33261970974753
            ],
            [
              3.819157874105211,
              51.33261147784576
            ],
            [
              3.819163603389369,
              51.33260971200228
            ],
            [
              3.8191735486400855,
              51.33261891697305
            ],
            [
              3.8191918962800924,
              51.33263042866871
            ],
            [
              3.8192270664990686,
              51.33264185219584
            ],
            [
              3.81925793243028,
              51.332645297434496
            ],
            [
              3.81929623736489,
              51.33264441066726
            ],
            [
              3.8193345192018584,
              51.33263875879315
            ],
            [
              3.8193735616165183,
              51.332627669110224
            ],
            [
              3.819396857907121,
              51.33261666411755
            ],
            [
              3.819406309395098,
              51.33261056117347
            ],
            [
              3.8194168502388837,
              51.33260240515715
            ],
            [
              3.819424374247174,
              51.33260563501796
            ],
            [
              3.8194136777720913,
              51.33261372600878
            ],
            [
              3.819406399847887,
              51.33261921991247
            ],
            [
              3.819378165386277,
              51.33263193848023
            ],
            [
              3.8193418891196944,
              51.33264187870293
            ]
          ]
        ]
      }
    },
    {
      "type": "Feature",
      "properties": {
        "kind": "water",
        "bgtType": "waterloop",
        "bgtPlusType": null,
        "bgtLokaalId": "L0002.d19d21e78a974a529f6f7f76792fe2f4",
        "bgtStatus": "bestaand",
        "bronhouder": "L0002",
        "lvPublicatiedatum": "2025-11-27T11:35:20Z",
        "_source": "bgt",
        "_retrievedAt": "2026-09-14T08:58:37Z"
      },
      "geometry": {
        "type": "Polygon",
        "coordinates": [
          [
            [
              3.8200905539177237,
              51.33036519198043
            ],
            [
              3.8202910365634635,
              51.33004768718493
            ],
            [
              3.820537272061532,
              51.32964582261865
            ],
            [
              3.82055820142097,
              51.32965023065551
            ],
            [
              3.820309847082315,
              51.330052372421655
            ],
            [
              3.820108873638642,
              51.330370383083114
            ],
            [
              3.8200905539177237,
              51.33036519198043
            ]
          ]
        ]
      }
    },
    {
      "type": "Feature",
      "properties": {
        "kind": "water",
        "bgtType": "waterloop",
        "bgtPlusType": null,
        "bgtLokaalId": "L0002.d508d1d86180409e946a459c33f66f5d",
        "bgtStatus": "bestaand",
        "bronhouder": "L0002",
        "lvPublicatiedatum": "2025-11-27T11:35:20Z",
        "_source": "bgt",
        "_retrievedAt": "2026-09-14T08:58:37Z"
      },
      "geometry": {
        "type": "Polygon",
        "coordinates": [
          [
            [
              3.818104994449663,
              51.33147682655423
            ],
            [
              3.8177377339620797,
              51.33138641731374
            ],
            [
              3.8173704892820326,
              51.33129600711422
            ],
            [
              3.8173986085402776,
              51.33125028459993
            ],
            [
              3.8173931012098956,
              51.33124893376157
            ],
            [
              3.817399906978622,
              51.33123796760071
            ],
            [
              3.8174054411442184,
              51.33123937274147
            ],
            [
              3.8174536388160933,
              51.33116392967817
            ],
            [
              3.817820849755016,
              51.33125404249427
            ],
            [
              3.8181880624608984,
              51.331344145172245
            ],
            [
              3.8181419961432934,
              51.33141772931156
            ],
            [
              3.8181471885625498,
              51.33141905789104
            ],
            [
              3.81814034855062,
              51.33142977190822
            ],
            [
              3.818135221372654,
              51.33142863300081
            ],
            [
              3.818104994449663,
              51.33147682655423
            ]
          ]
        ]
      }
    },
    {
      "type": "Feature",
      "properties": {
        "kind": "water",
        "bgtType": "waterloop",
        "bgtPlusType": null,
        "bgtLokaalId": "L0002.d8d44cefb6794ce8bd5cfdc737df04d5",
        "bgtStatus": "bestaand",
        "bronhouder": "L0002",
        "lvPublicatiedatum": "2025-11-27T11:35:20Z",
        "_source": "bgt",
        "_retrievedAt": "2026-09-14T08:58:37Z"
      },
      "geometry": {
        "type": "Polygon",
        "coordinates": [
          [
            [
              3.8238835119458394,
              51.326895060504604
            ],
            [
              3.823885662026744,
              51.32689554786612
            ],
            [
              3.82388271900965,
              51.326900623753495
            ],
            [
              3.8238805692358615,
              51.32690012740587
            ],
            [
              3.8237458927324157,
              51.32713152387994
            ],
            [
              3.8237480428229245,
              51.32713201124408
            ],
            [
              3.8237451287680706,
              51.32713707852688
            ],
            [
              3.8237429499917184,
              51.32713659077758
            ],
            [
              3.8236080626766733,
              51.32736823599685
            ],
            [
              3.8236102268123027,
              51.327368732542155
            ],
            [
              3.823607284041052,
              51.327373799436174
            ],
            [
              3.823605119905218,
              51.32737330289079
            ],
            [
              3.82346986778604,
              51.32760592298903
            ],
            [
              3.8234720322387763,
              51.32760641055087
            ],
            [
              3.8234690897440733,
              51.32761146845518
            ],
            [
              3.823466924983717,
              51.32761098987929
            ],
            [
              3.8234053153148495,
              51.327716893651036
            ],
            [
              3.82193727809708,
              51.32729875420207
            ],
            [
              3.823994160148072,
              51.324354355792565
            ],
            [
              3.8259263452412293,
              51.324887555713616
            ],
            [
              3.82592553684209,
              51.3248893788653
            ],
            [
              3.825881911023642,
              51.325020202944565
            ],
            [
              3.825840968015395,
              51.32513632812748
            ],
            [
              3.8257863159013032,
              51.325294631057936
            ],
            [
              3.8257397769832155,
              51.325432581176884
            ],
            [
              3.8256730537002026,
              51.325624156559236
            ],
            [
              3.8256152802212227,
              51.325792729261565
            ],
            [
              3.8247489383054827,
              51.32573964591718
            ],
            [
              3.8245704543826307,
              51.32571395752114
            ],
            [
              3.824433348199838,
              51.32594947558308
            ],
            [
              3.824435527234453,
              51.325949954333254
            ],
            [
              3.8244325410057,
              51.32595503864383
            ],
            [
              3.824430405612648,
              51.32595454249897
            ],
            [
              3.8242958714862905,
              51.326185716723586
            ],
            [
              3.8242980361881513,
              51.326186195283896
            ],
            [
              3.824295064885429,
              51.32619126181119
            ],
            [
              3.824292928868413,
              51.32619078363584
            ],
            [
              3.8241581862999103,
              51.32642255725461
            ],
            [
              3.8241603510114905,
              51.32642303581745
            ],
            [
              3.8241574083630683,
              51.32642810272614
            ],
            [
              3.8241552436512807,
              51.32642762416318
            ],
            [
              3.8240208651028817,
              51.32665878219924
            ],
            [
              3.824023015174193,
              51.32665926955819
            ],
            [
              3.8240200868377703,
              51.326664336655725
            ],
            [
              3.8240179224235833,
              51.32666384910415
            ],
            [
              3.8238835119458394,
              51.326895060504604
            ]
          ]
        ]
      }
    },
    {
      "type": "Feature",
      "properties": {
        "kind": "water",
        "bgtType": "waterloop",
        "bgtPlusType": null,
        "bgtLokaalId": "L0002.e040bb90913249538cae6f735b5c7e0c",
        "bgtStatus": "bestaand",
        "bronhouder": "L0002",
        "lvPublicatiedatum": "2025-11-27T11:35:20Z",
        "_source": "bgt",
        "_retrievedAt": "2026-09-14T08:58:37Z"
      },
      "geometry": {
        "type": "Polygon",
        "coordinates": [
          [
            [
              3.8180080300957293,
              51.32876062642796
            ],
            [
              3.8179966268439687,
              51.32876549827279
            ],
            [
              3.817981102947411,
              51.32875998489621
            ],
            [
              3.817979301421238,
              51.32875519583545
            ],
            [
              3.8179796338129317,
              51.328749275798124
            ],
            [
              3.8181428684530627,
              51.32854640968082
            ],
            [
              3.818311616641125,
              51.328335463549934
            ],
            [
              3.818498911801677,
              51.32809875849223
            ],
            [
              3.8186786316888752,
              51.32787115704142
            ],
            [
              3.818862764828196,
              51.32763616192079
            ],
            [
              3.818932496428652,
              51.32755440053117
            ],
            [
              3.818996194588611,
              51.327485791368495
            ],
            [
              3.8190627633230307,
              51.32741883006587
            ],
            [
              3.8191316211535247,
              51.327351225288176
            ],
            [
              3.8191914100845676,
              51.32729700158074
            ],
            [
              3.819248890614684,
              51.327249831008515
            ],
            [
              3.81928627755511,
              51.3272232830014
            ],
            [
              3.8193121184281247,
              51.32721289666908
            ],
            [
              3.8193246191780332,
              51.32720613356256
            ],
            [
              3.8193341946357693,
              51.327212699436814
            ],
            [
              3.8193217065434846,
              51.32721993020306
            ],
            [
              3.819285292904877,
              51.32724529563457
            ],
            [
              3.8192532779582167,
              51.32726876042549
            ],
            [
              3.8191811288455084,
              51.3273302525983
            ],
            [
              3.8191079674441717,
              51.32739573171811
            ],
            [
              3.8190402498836384,
              51.32746523078097
            ],
            [
              3.81896711047536,
              51.32754260409341
            ],
            [
              3.818832021048537,
              51.327708298465616
            ],
            [
              3.8186964047856256,
              51.327879280797504
            ],
            [
              3.8185052361784897,
              51.328121031401
            ],
            [
              3.8183388217589154,
              51.32833218005207
            ],
            [
              3.818123295555408,
              51.32860575972085
            ],
            [
              3.8180080300957293,
              51.32876062642796
            ]
          ]
        ]
      }
    },
    {
      "type": "Feature",
      "properties": {
        "kind": "water",
        "bgtType": "waterloop",
        "bgtPlusType": null,
        "bgtLokaalId": "L0002.e0c7f88ec5ce426b9c441f26df57d76b",
        "bgtStatus": "bestaand",
        "bronhouder": "L0002",
        "lvPublicatiedatum": "2025-11-27T11:35:20Z",
        "_source": "bgt",
        "_retrievedAt": "2026-09-14T08:58:37Z"
      },
      "geometry": {
        "type": "Polygon",
        "coordinates": [
          [
            [
              3.8187339528985724,
              51.334354921529716
            ],
            [
              3.818687033142625,
              51.33469960159854
            ],
            [
              3.818635148007534,
              51.33505093941448
            ],
            [
              3.8186197573261245,
              51.33518322907562
            ],
            [
              3.81860776433355,
              51.33518307654261
            ],
            [
              3.8186243564498064,
              51.33504379973093
            ],
            [
              3.8186745284921093,
              51.33470097949739
            ],
            [
              3.8187187050454923,
              51.3343563613807
            ],
            [
              3.81876291157386,
              51.33406479457326
            ],
            [
              3.8187651188388694,
              51.33405024226272
            ],
            [
              3.8187750503369084,
              51.33405065470526
            ],
            [
              3.818774921861541,
              51.334065270971614
            ],
            [
              3.818774861464417,
              51.334071212652525
            ],
            [
              3.8187339528985724,
              51.334354921529716
            ]
          ]
        ]
      }
    },
    {
      "type": "Feature",
      "properties": {
        "kind": "water",
        "bgtType": "waterloop",
        "bgtPlusType": null,
        "bgtLokaalId": "L0002.e0de3002fe6048108af94df52db02f33",
        "bgtStatus": "bestaand",
        "bronhouder": "L0002",
        "lvPublicatiedatum": "2025-11-27T11:35:20Z",
        "_source": "bgt",
        "_retrievedAt": "2026-09-14T08:58:37Z"
      },
      "geometry": {
        "type": "Polygon",
        "coordinates": [
          [
            [
              3.8204977378677123,
              51.32784893161646
            ],
            [
              3.820692277880648,
              51.327896607350226
            ],
            [
              3.8209276873289637,
              51.327954299079266
            ],
            [
              3.8211797183267624,
              51.32801606163354
            ],
            [
              3.8212683439142308,
              51.328037786911324
            ],
            [
              3.821215944169681,
              51.32812140096069
            ],
            [
              3.8211271918208944,
              51.32809960201847
            ],
            [
              3.8208734720841395,
              51.32803727723111
            ],
            [
              3.820639304582512,
              51.32797976392574
            ],
            [
              3.82044573559612,
              51.327932218042484
            ],
            [
              3.8204977378677123,
              51.32784893161646
            ]
          ]
        ]
      }
    },
    {
      "type": "Feature",
      "properties": {
        "kind": "water",
        "bgtType": "waterloop",
        "bgtPlusType": null,
        "bgtLokaalId": "L0002.e12936cabbee49539f7d9d268f2790bb",
        "bgtStatus": "bestaand",
        "bronhouder": "L0002",
        "lvPublicatiedatum": "2025-11-27T11:35:20Z",
        "_source": "bgt",
        "_retrievedAt": "2026-09-14T08:58:37Z"
      },
      "geometry": {
        "type": "Polygon",
        "coordinates": [
          [
            [
              3.816592009045232,
              51.33021637375452
            ],
            [
              3.816636216555643,
              51.33012509048393
            ],
            [
              3.8166653806726316,
              51.33013165104376
            ],
            [
              3.816614080218968,
              51.330220959723334
            ],
            [
              3.816592009045232,
              51.33021637375452
            ]
          ]
        ]
      }
    },
    {
      "type": "Feature",
      "properties": {
        "kind": "water",
        "bgtType": "waterloop",
        "bgtPlusType": null,
        "bgtLokaalId": "L0002.e172566b07204639844e4470630238fb",
        "bgtStatus": "bestaand",
        "bronhouder": "L0002",
        "lvPublicatiedatum": "2025-11-27T11:35:20Z",
        "_source": "bgt",
        "_retrievedAt": "2026-09-14T08:58:37Z"
      },
      "geometry": {
        "type": "Polygon",
        "coordinates": [
          [
            [
              3.8197320908208345,
              51.32751271729166
            ],
            [
              3.8201009846708964,
              51.32760324137996
            ],
            [
              3.820469894335616,
              51.327693764498385
            ],
            [
              3.8204380606774566,
              51.327744184541864
            ],
            [
              3.8204428832186688,
              51.32774540915438
            ],
            [
              3.8204368075200335,
              51.32775520759483
            ],
            [
              3.820431926681947,
              51.327754009168245
            ],
            [
              3.820386851382506,
              51.32782610611648
            ],
            [
              3.82001906357791,
              51.32773548096927
            ],
            [
              3.8196512772421807,
              51.32764485466623
            ],
            [
              3.8196936919771605,
              51.32757505063195
            ],
            [
              3.819688981752514,
              51.32757389942118
            ],
            [
              3.8196950733299557,
              51.32756447881879
            ],
            [
              3.819699541881017,
              51.32756556384524
            ],
            [
              3.8197320908208345,
              51.32751271729166
            ]
          ]
        ]
      }
    },
    {
      "type": "Feature",
      "properties": {
        "kind": "water",
        "bgtType": "waterloop",
        "bgtPlusType": null,
        "bgtLokaalId": "L0002.e909f62bbfe44a87b180a4821eb79590",
        "bgtStatus": "bestaand",
        "bronhouder": "L0002",
        "lvPublicatiedatum": "2025-11-27T11:35:20Z",
        "_source": "bgt",
        "_retrievedAt": "2026-09-14T08:58:37Z"
      },
      "geometry": {
        "type": "Polygon",
        "coordinates": [
          [
            [
              3.8195348379584857,
              51.33374983384274
            ],
            [
              3.819511285961618,
              51.333742756220786
            ],
            [
              3.819582707881031,
              51.33345463910768
            ],
            [
              3.819599739147859,
              51.333345548046815
            ],
            [
              3.819614962258864,
              51.3332820576905
            ],
            [
              3.8196400142589133,
              51.33316924477591
            ],
            [
              3.8196485652992194,
              51.333146300118734
            ],
            [
              3.8196559702374815,
              51.33314630988486
            ],
            [
              3.8196754948974365,
              51.33315656973115
            ],
            [
              3.8196731789099387,
              51.333165933272774
            ],
            [
              3.8196228010722195,
              51.333337200938125
            ],
            [
              3.8196033150895166,
              51.3334525880316
            ],
            [
              3.8195348379584857,
              51.33374983384274
            ]
          ]
        ]
      }
    },
    {
      "type": "Feature",
      "properties": {
        "kind": "water",
        "bgtType": "waterloop",
        "bgtPlusType": null,
        "bgtLokaalId": "L0002.eac732863a9a489188e281bc307b056b",
        "bgtStatus": "bestaand",
        "bronhouder": "L0002",
        "lvPublicatiedatum": "2025-11-27T11:35:20Z",
        "_source": "bgt",
        "_retrievedAt": "2026-09-14T08:58:37Z"
      },
      "geometry": {
        "type": "Polygon",
        "coordinates": [
          [
            [
              3.8173522852216197,
              51.33088384152077
            ],
            [
              3.817336982588055,
              51.33088064151888
            ],
            [
              3.8175064321385075,
              51.33061328366242
            ],
            [
              3.817570320065296,
              51.33050548967372
            ],
            [
              3.8177864199123523,
              51.33016499590809
            ],
            [
              3.817964245715152,
              51.32987963513315
            ],
            [
              3.817976724367704,
              51.32988232052471
            ],
            [
              3.8177924139746326,
              51.33017348248601
            ],
            [
              3.817587005610978,
              51.33050895101915
            ],
            [
              3.81752077882997,
              51.33061088786799
            ],
            [
              3.817477132058447,
              51.33068044979851
            ],
            [
              3.8173522852216197,
              51.33088384152077
            ]
          ]
        ]
      }
    },
    {
      "type": "Feature",
      "properties": {
        "kind": "water",
        "bgtType": "waterloop",
        "bgtPlusType": null,
        "bgtLokaalId": "L0002.ec27f62054134f70b2d306c01e1e4101",
        "bgtStatus": "bestaand",
        "bronhouder": "L0002",
        "lvPublicatiedatum": "2025-11-27T11:35:20Z",
        "_source": "bgt",
        "_retrievedAt": "2026-09-14T08:58:37Z"
      },
      "geometry": {
        "type": "Polygon",
        "coordinates": [
          [
            [
              3.8206832383223204,
              51.332925605793996
            ],
            [
              3.82067339494413,
              51.332965335738216
            ],
            [
              3.8206722622929545,
              51.33297032801923
            ],
            [
              3.8206688172998713,
              51.332985421101476
            ],
            [
              3.82066371827285,
              51.33300773799998
            ],
            [
              3.8206606088328074,
              51.33302141515111
            ],
            [
              3.8206454770276084,
              51.33308772976729
            ],
            [
              3.820644244749506,
              51.33309311627479
            ],
            [
              3.820641169531199,
              51.33310663206297
            ],
            [
              3.8206361548286574,
              51.33312858149831
            ],
            [
              3.8206324906803193,
              51.33314462458813
            ],
            [
              3.8206322865101767,
              51.33314555681789
            ],
            [
              3.8206316450023103,
              51.33314836210726
            ],
            [
              3.8206279913683896,
              51.333162004967065
            ],
            [
              3.8206294287856646,
              51.33316235693782
            ],
            [
              3.8206270808704397,
              51.33317391366489
            ],
            [
              3.8206467800989583,
              51.333176156476355
            ],
            [
              3.820651403139727,
              51.33317693787352
            ],
            [
              3.820625622180343,
              51.33328931863991
            ],
            [
              3.820621261073575,
              51.33328926896773
            ],
            [
              3.8206202012337642,
              51.33329171801393
            ],
            [
              3.8206189895864875,
              51.3332935716679
            ],
            [
              3.8206173624298905,
              51.333289962708776
            ],
            [
              3.8206130034816908,
              51.33328691934381
            ],
            [
              3.820606828297683,
              51.333283689725
            ],
            [
              3.8205092707599237,
              51.333252206439326
            ],
            [
              3.820461904728637,
              51.33323732884501
            ],
            [
              3.820438678465065,
              51.33323038165347
            ],
            [
              3.820252710674464,
              51.3332522430292
            ],
            [
              3.820239674959219,
              51.333254054464504
            ],
            [
              3.8202357811430057,
              51.33325586303706
            ],
            [
              3.8202335729172767,
              51.33325790106202
            ],
            [
              3.820232374059505,
              51.33325979983494
            ],
            [
              3.8202318133466493,
              51.33325899216694
            ],
            [
              3.8202312591940233,
              51.333252970297046
            ],
            [
              3.8202318405398916,
              51.33324940902713
            ],
            [
              3.8202546685097793,
              51.33314030597553
            ],
            [
              3.8202815235459697,
              51.33314270805736
            ],
            [
              3.820287423831643,
              51.33311502584121
            ],
            [
              3.820288009694595,
              51.33311258840124
            ],
            [
              3.8202978051315575,
              51.33307217458969
            ],
            [
              3.820298858573697,
              51.333067819547274
            ],
            [
              3.8202990755545163,
              51.333066932441156
            ],
            [
              3.82030016230697,
              51.33306244299456
            ],
            [
              3.8203179503501112,
              51.33298899001156
            ],
            [
              3.8203191871498237,
              51.33298389125295
            ],
            [
              3.82031940412983,
              51.33298300414681
            ],
            [
              3.8203203075167584,
              51.33297925841597
            ],
            [
              3.82033030460608,
              51.33293798426005
            ],
            [
              3.8203308397286246,
              51.332935770891126
            ],
            [
              3.8203384882680935,
              51.33289727905617
            ],
            [
              3.820337185567832,
              51.332887974699446
            ],
            [
              3.8203299804148654,
              51.33284069742716
            ],
            [
              3.8203138305676445,
              51.33269432719117
            ],
            [
              3.8202942488306575,
              51.332524994871115
            ],
            [
              3.820283362430309,
              51.33242812331823
            ],
            [
              3.82025648218062,
              51.33218787733378
            ],
            [
              3.8202396918186596,
              51.33203592456465
            ],
            [
              3.8202020172732065,
              51.33171372290342
            ],
            [
              3.8202270914900547,
              51.33151019950086
            ],
            [
              3.820273610706874,
              51.33111480903382
            ],
            [
              3.8203199455561623,
              51.33073314403712
            ],
            [
              3.820481323355088,
              51.33047592219351
            ],
            [
              3.8216175663058682,
              51.330798872607524
            ],
            [
              3.8215991708381494,
              51.330831493314264
            ],
            [
              3.821601335730747,
              51.330831971925406
            ],
            [
              3.8215984636144893,
              51.33083705770217
            ],
            [
              3.8215963289486594,
              51.33083653454658
            ],
            [
              3.8215919749705645,
              51.330844243507165
            ],
            [
              3.8215947673047084,
              51.33084483843522
            ],
            [
              3.8215402224360324,
              51.330948265077005
            ],
            [
              3.8215047701570968,
              51.33101547532549
            ],
            [
              3.8213990045663313,
              51.33121365275092
            ],
            [
              3.8212905754132898,
              51.33141833910538
            ],
            [
              3.821193240694548,
              51.331600762095526
            ],
            [
              3.8211011364473606,
              51.33177458883794
            ],
            [
              3.8209915868237068,
              51.33198174114909
            ],
            [
              3.8208336730734596,
              51.33228018520527
            ],
            [
              3.820831272724647,
              51.33229285600997
            ],
            [
              3.820812906619629,
              51.33237190215495
            ],
            [
              3.8207849580233884,
              51.33248935121598
            ],
            [
              3.8207592656208216,
              51.33260000708996
            ],
            [
              3.8207362807086453,
              51.33269740293698
            ],
            [
              3.820694289129774,
              51.33287786388171
            ],
            [
              3.8206833724836624,
              51.33292504121884
            ],
            [
              3.8206832383223204,
              51.332925605793996
            ]
          ]
        ]
      }
    },
    {
      "type": "Feature",
      "properties": {
        "kind": "water",
        "bgtType": "waterloop",
        "bgtPlusType": null,
        "bgtLokaalId": "L0002.f0b766877ecb4d86a65b1f919ca5effc",
        "bgtStatus": "bestaand",
        "bronhouder": "L0002",
        "lvPublicatiedatum": "2025-11-27T11:35:20Z",
        "_source": "bgt",
        "_retrievedAt": "2026-09-14T08:58:37Z"
      },
      "geometry": {
        "type": "Polygon",
        "coordinates": [
          [
            [
              3.81677252863433,
              51.33101935521208
            ],
            [
              3.8167692485165055,
              51.331018340042746
            ],
            [
              3.8167728845263826,
              51.33101233869425
            ],
            [
              3.81692094097219,
              51.33076420182376
            ],
            [
              3.817008542030713,
              51.33060949355246
            ],
            [
              3.8170411838927283,
              51.330550337867756
            ],
            [
              3.8170722887208974,
              51.330484958239836
            ],
            [
              3.81709700115723,
              51.330396369724276
            ],
            [
              3.8171023661502863,
              51.33031622283836
            ],
            [
              3.8170933589501868,
              51.330256343793536
            ],
            [
              3.817085106412108,
              51.33022880354585
            ],
            [
              3.8170796491423746,
              51.330210542870994
            ],
            [
              3.8170894276059877,
              51.33020911940888
            ],
            [
              3.8170933678168026,
              51.330228096823255
            ],
            [
              3.8170974061117544,
              51.3302475610286
            ],
            [
              3.8171084780025177,
              51.33032211288359
            ],
            [
              3.8171054917436686,
              51.330397347250745
            ],
            [
              3.8170814169551965,
              51.33048491948645
            ],
            [
              3.817052511215144,
              51.330550616451035
            ],
            [
              3.8170177249426165,
              51.33061329434029
            ],
            [
              3.816924333950571,
              51.33076610853682
            ],
            [
              3.816776437373842,
              51.331012098918386
            ],
            [
              3.81677252863433,
              51.33101935521208
            ]
          ]
        ]
      }
    },
    {
      "type": "Feature",
      "properties": {
        "kind": "water",
        "bgtType": "waterloop",
        "bgtPlusType": null,
        "bgtLokaalId": "L0002.f2696d2b44524f3fb3023b5082b91580",
        "bgtStatus": "bestaand",
        "bronhouder": "L0002",
        "lvPublicatiedatum": "2025-11-27T11:35:20Z",
        "_source": "bgt",
        "_retrievedAt": "2026-09-14T08:58:37Z"
      },
      "geometry": {
        "type": "Polygon",
        "coordinates": [
          [
            [
              3.818788733518763,
              51.33395345758665
            ],
            [
              3.8187769543403043,
              51.33395461152038
            ],
            [
              3.818797646162165,
              51.33379579135235
            ],
            [
              3.818808361629444,
              51.33379552210802
            ],
            [
              3.818788733518763,
              51.33395345758665
            ]
          ]
        ]
      }
    },
    {
      "type": "Feature",
      "properties": {
        "kind": "water",
        "bgtType": "waterloop",
        "bgtPlusType": null,
        "bgtLokaalId": "L0002.f3f69bf84a14476d8cd2d9c93680b147",
        "bgtStatus": "bestaand",
        "bronhouder": "L0002",
        "lvPublicatiedatum": "2025-11-27T11:35:20Z",
        "_source": "bgt",
        "_retrievedAt": "2026-09-14T08:58:37Z"
      },
      "geometry": {
        "type": "Polygon",
        "coordinates": [
          [
            [
              3.8187119662351163,
              51.3355968584248
            ],
            [
              3.818775360827802,
              51.335672923810186
            ],
            [
              3.8187632676321446,
              51.33567610529332
            ],
            [
              3.818696077656843,
              51.335597300730534
            ],
            [
              3.81864468758096,
              51.335513953124206
            ],
            [
              3.8186130606141173,
              51.335418474238814
            ],
            [
              3.8186013078708045,
              51.335331875586085
            ],
            [
              3.8186024097999898,
              51.33524206976234
            ],
            [
              3.8186143437398314,
              51.33524352507331
            ],
            [
              3.818615230866425,
              51.3353284850203
            ],
            [
              3.8186276332137115,
              51.33541831988683
            ],
            [
              3.8186585593945632,
              51.3355078738064
            ],
            [
              3.8187119662351163,
              51.3355968584248
            ]
          ]
        ]
      }
    },
    {
      "type": "Feature",
      "properties": {
        "kind": "water",
        "bgtType": "waterloop",
        "bgtPlusType": null,
        "bgtLokaalId": "L0002.f62fb3979a894f37bb91f93618d1fb5f",
        "bgtStatus": "bestaand",
        "bronhouder": "L0002",
        "lvPublicatiedatum": "2025-11-27T11:35:20Z",
        "_source": "bgt",
        "_retrievedAt": "2026-09-14T08:58:37Z"
      },
      "geometry": {
        "type": "Polygon",
        "coordinates": [
          [
            [
              3.8188771476795753,
              51.32798106532269
            ],
            [
              3.8187806689322685,
              51.3281393143408
            ],
            [
              3.8186797817053035,
              51.32829888839119
            ],
            [
              3.8186612331609835,
              51.32832213883859
            ],
            [
              3.8186534797359655,
              51.3283277071976
            ],
            [
              3.8186460359417556,
              51.32832759794536
            ],
            [
              3.8186413549532636,
              51.32832475693639
            ],
            [
              3.8186524913387583,
              51.328301730302215
            ],
            [
              3.8186675066716913,
              51.328277317487355
            ],
            [
              3.8187535447151157,
              51.32813773535359
            ],
            [
              3.818854688228756,
              51.32797569240148
            ],
            [
              3.8189532904372463,
              51.327821616386245
            ],
            [
              3.819025286500221,
              51.32769769461615
            ],
            [
              3.819028506030594,
              51.32769335976292
            ],
            [
              3.819032791772492,
              51.32769182621677
            ],
            [
              3.8190424880731593,
              51.327691525259624
            ],
            [
              3.819053746168146,
              51.32768878202882
            ],
            [
              3.819061469208158,
              51.327683258186134
            ],
            [
              3.8191091305880502,
              51.3276006690783
            ],
            [
              3.8192158850962694,
              51.32742473966843
            ],
            [
              3.8192184696207816,
              51.32741925450992
            ],
            [
              3.819223132408781,
              51.32741091149293
            ],
            [
              3.819234423704081,
              51.32741347288648
            ],
            [
              3.8192292001678703,
              51.327422266851876
            ],
            [
              3.8192263519050553,
              51.32742707419755
            ],
            [
              3.819108024283212,
              51.32762120568619
            ],
            [
              3.818992012902296,
              51.32779840382244
            ],
            [
              3.8188771476795753,
              51.32798106532269
            ]
          ]
        ]
      }
    },
    {
      "type": "Feature",
      "properties": {
        "kind": "water",
        "bgtType": "waterloop",
        "bgtPlusType": null,
        "bgtLokaalId": "L0002.fde33f5ceaa94c6cbb496e211b7ebfba",
        "bgtStatus": "bestaand",
        "bronhouder": "L0002",
        "lvPublicatiedatum": "2025-11-27T11:35:20Z",
        "_source": "bgt",
        "_retrievedAt": "2026-09-14T08:58:37Z"
      },
      "geometry": {
        "type": "Polygon",
        "coordinates": [
          [
            [
              3.8191863791874106,
              51.33014257089126
            ],
            [
              3.819094793858648,
              51.330287751452104
            ],
            [
              3.8189060480451436,
              51.33059123484633
            ],
            [
              3.8187866557345274,
              51.3307834907711
            ],
            [
              3.818784031590935,
              51.33078552316687
            ],
            [
              3.8187754364586546,
              51.33078298905833
            ],
            [
              3.818778363593457,
              51.33077421812404
            ],
            [
              3.8189327950405527,
              51.33053149582157
            ],
            [
              3.8191166145640225,
              51.330238994960574
            ],
            [
              3.8191780884719386,
              51.33014078709337
            ],
            [
              3.8191863791874106,
              51.33014257089126
            ]
          ]
        ]
      }
    },
    {
      "type": "Feature",
      "properties": {
        "kind": "water",
        "bgtType": "waterloop",
        "bgtPlusType": null,
        "bgtLokaalId": "L0002.028f8dbf390244f9b32e67fbef5bfac8",
        "bgtStatus": "bestaand",
        "bronhouder": "L0002",
        "lvPublicatiedatum": "2026-08-25T12:13:00Z",
        "_source": "bgt",
        "_retrievedAt": "2026-09-14T08:58:37Z"
      },
      "geometry": {
        "type": "Polygon",
        "coordinates": [
          [
            [
              3.8187588534452073,
              51.337196389261
            ],
            [
              3.8188078086351034,
              51.337104431911875
            ],
            [
              3.818850413047416,
              51.337001798621614
            ],
            [
              3.818891212834311,
              51.336915359259436
            ],
            [
              3.8189457841782937,
              51.33679858373702
            ],
            [
              3.8190023541362446,
              51.33666538311528
            ],
            [
              3.819052382175068,
              51.33655467766023
            ],
            [
              3.8190790820263656,
              51.336507703973396
            ],
            [
              3.819115853967534,
              51.336455804429484
            ],
            [
              3.8191293195430984,
              51.336424762910724
            ],
            [
              3.819156144652785,
              51.336362004179506
            ],
            [
              3.819174683883807,
              51.33632154634886
            ],
            [
              3.8191929695278053,
              51.33629851701423
            ],
            [
              3.8192043357973535,
              51.336284735294896
            ],
            [
              3.819363802207594,
              51.33629943231271
            ],
            [
              3.8193869948814396,
              51.336301542548796
            ],
            [
              3.8194779489387156,
              51.336309806161324
            ],
            [
              3.819543473457249,
              51.336314643802545
            ],
            [
              3.819545568804394,
              51.33631297286635
            ],
            [
              3.8195486039255337,
              51.33630775447773
            ],
            [
              3.8195506944620505,
              51.336299529653324
            ],
            [
              3.819554332697714,
              51.33628258722948
            ],
            [
              3.8195293421932726,
              51.336280587680186
            ],
            [
              3.819558014454667,
              51.33615643298209
            ],
            [
              3.81956180056244,
              51.336154425196725
            ],
            [
              3.8195649612720546,
              51.336150566011675
            ],
            [
              3.8195651557081804,
              51.336153265675385
            ],
            [
              3.8195678982595984,
              51.33615573892159
            ],
            [
              3.8195735199431358,
              51.33615754069768
            ],
            [
              3.819575638045428,
              51.33615897167093
            ],
            [
              3.8195785769788078,
              51.33616199595955
            ],
            [
              3.8195834747427293,
              51.33616356323758
            ],
            [
              3.819719693787407,
              51.336205771398895
            ],
            [
              3.8197489144501033,
              51.33621499299159
            ],
            [
              3.8199303389339123,
              51.336192468831435
            ],
            [
              3.8199338224286756,
              51.336191751544256
            ],
            [
              3.8199357161617074,
              51.336190518405765
            ],
            [
              3.819937790085413,
              51.33618989003232
            ],
            [
              3.819942654459386,
              51.33618908344488
            ],
            [
              3.819945679509617,
              51.33618834200802
            ],
            [
              3.819948247009641,
              51.33618671337885
            ],
            [
              3.8199495277165854,
              51.33618494157183
            ],
            [
              3.8199491731573296,
              51.33619109505679
            ],
            [
              3.8199524928087,
              51.336193899704995
            ],
            [
              3.8199240575359545,
              51.33631619671732
            ],
            [
              3.819897232737763,
              51.33631369608564
            ],
            [
              3.8198920321880716,
              51.33633518449376
            ],
            [
              3.8198925940716486,
              51.336346420758396
            ],
            [
              3.8199367974345093,
              51.33635065660327
            ],
            [
              3.819950991993493,
              51.33635190845012
            ],
            [
              3.819951965959527,
              51.336351966506975
            ],
            [
              3.8200503016467606,
              51.336360940330955
            ],
            [
              3.8200501378511937,
              51.3363615314772
            ],
            [
              3.820112280209552,
              51.33636748301818
            ],
            [
              3.820254208374882,
              51.336380513398126
            ],
            [
              3.820261390080064,
              51.33643183591752
            ],
            [
              3.820255503724261,
              51.33649635098156
            ],
            [
              3.820257774121151,
              51.336587101172135
            ],
            [
              3.820251824361517,
              51.33669866984927
            ],
            [
              3.8202498187688714,
              51.33675339290475
            ],
            [
              3.820240705245913,
              51.33683081936219
            ],
            [
              3.820238282579451,
              51.336868824109786
            ],
            [
              3.820239707146703,
              51.3369700094787
            ],
            [
              3.8202440375829805,
              51.33707769786267
            ],
            [
              3.820251162388267,
              51.33718844453205
            ],
            [
              3.8202386876297494,
              51.33730152566879
            ],
            [
              3.820238111071686,
              51.33741502759433
            ],
            [
              3.820241479155034,
              51.337465813335655
            ],
            [
              3.820239801336742,
              51.33755743639046
            ],
            [
              3.8202384384020385,
              51.337668338570886
            ],
            [
              3.820238437193946,
              51.33768344201292
            ],
            [
              3.8187588534452073,
              51.337196389261
            ]
          ]
        ]
      }
    },
    {
      "type": "Feature",
      "properties": {
        "kind": "water",
        "bgtType": "waterloop",
        "bgtPlusType": null,
        "bgtLokaalId": "L0002.3a6ba31a7cfd462591e0eea30b76886b",
        "bgtStatus": "bestaand",
        "bronhouder": "L0002",
        "lvPublicatiedatum": "2026-08-25T12:13:00Z",
        "_source": "bgt",
        "_retrievedAt": "2026-09-14T08:58:37Z"
      },
      "geometry": {
        "type": "Polygon",
        "coordinates": [
          [
            [
              3.8199888563298607,
              51.33592955704235
            ],
            [
              3.819986476061517,
              51.33592991158974
            ],
            [
              3.8199851570875634,
              51.335931125492586
            ],
            [
              3.8199847287708617,
              51.335932315419655
            ],
            [
              3.8199772711125117,
              51.335966054010555
            ],
            [
              3.8199368019255333,
              51.336142957116934
            ],
            [
              3.819929865460859,
              51.33617781749783
            ],
            [
              3.819934262621686,
              51.33617766090496
            ],
            [
              3.819931523082732,
              51.336178028597054
            ],
            [
              3.819750834096902,
              51.33619919615338
            ],
            [
              3.819583552608112,
              51.33614623126584
            ],
            [
              3.819584428615905,
              51.33614621608606
            ],
            [
              3.819585171956232,
              51.33614588446523
            ],
            [
              3.8195863290420586,
              51.33614144092199
            ],
            [
              3.8195935466787203,
              51.3361126167379
            ],
            [
              3.8196356162285188,
              51.33593302924131
            ],
            [
              3.8196429429407854,
              51.335901860092044
            ],
            [
              3.8196422783719832,
              51.33590031383092
            ],
            [
              3.819640474198708,
              51.33589935457207
            ],
            [
              3.819638319734239,
              51.33589898394884
            ],
            [
              3.819823662765563,
              51.33587724989886
            ],
            [
              3.8199888563298607,
              51.33592955704235
            ]
          ]
        ]
      }
    }
  ],
  "filter": "status=bestaand waterdeel intersecting lock-island bbox. Geometry as published; not reconstructed."
}
